cell,method,condition,auroc
Qwen2.5-7B GSM8K,fitted_new_family,a_b,0.8818379487179488
Qwen2.5-7B GSM8K,fitted_new_family,b_a,0.8799261538461538
Qwen2.5-7B GSM8K,fitted_new_family,negated,0.8765702564102564
Qwen2.5-7B GSM8K,fitted_new_family,no_means_correct,0.8647794871794872
Qwen2.5-7B GSM8K,fitted_new_family,sentence,0.8809025641025642
Qwen2.5-7B GSM8K,fitted_new_family,true_false,0.8857682051282051
Qwen2.5-7B GSM8K,fitted_new_family,yes_no,0.8925620512820513
Qwen2.5-7B GSM8K,isolated,a_b,0.8731175384615384
Qwen2.5-7B GSM8K,isolated,b_a,0.8644004102564103
Qwen2.5-7B GSM8K,isolated,negated,0.8618092307692308
Qwen2.5-7B GSM8K,isolated,no_means_correct,0.8586617435897437
Qwen2.5-7B GSM8K,isolated,sentence,0.8804315897435897
Qwen2.5-7B GSM8K,isolated,true_false,0.8767442051282052
Qwen2.5-7B GSM8K,isolated,yes_no,0.8915167179487179
Qwen2.5-7B GSM8K,readout,a_b,0.8743433846153847
Qwen2.5-7B GSM8K,readout,b_a,0.8498002051282052
Qwen2.5-7B GSM8K,readout,negated,0.5088443076923077
Qwen2.5-7B GSM8K,readout,no_means_correct,0.4878194871794871
Qwen2.5-7B GSM8K,readout,sentence,0.8817493333333334
Qwen2.5-7B GSM8K,readout,true_false,0.8809501538461538
Qwen2.5-7B GSM8K,readout,yes_no,0.8893029743589743
Qwen2.5-7B MMLU,fitted_new_family,a_b,0.7736947547353085
Qwen2.5-7B MMLU,fitted_new_family,b_a,0.7730208839242352
Qwen2.5-7B MMLU,fitted_new_family,negated,0.7750789218067022
Qwen2.5-7B MMLU,fitted_new_family,no_means_correct,0.7642787761049054
Qwen2.5-7B MMLU,fitted_new_family,sentence,0.7763234579893151
Qwen2.5-7B MMLU,fitted_new_family,true_false,0.7830257406508013
Qwen2.5-7B MMLU,fitted_new_family,yes_no,0.7794074793589122
Qwen2.5-7B MMLU,isolated,a_b,0.7752525497814472
Qwen2.5-7B MMLU,isolated,b_a,0.7693929091792131
Qwen2.5-7B MMLU,isolated,negated,0.7604820301117047
Qwen2.5-7B MMLU,isolated,no_means_correct,0.7268479844584751
Qwen2.5-7B MMLU,isolated,sentence,0.767639630888781
Qwen2.5-7B MMLU,isolated,true_false,0.7494803302574066
Qwen2.5-7B MMLU,isolated,yes_no,0.7721551724137932
Qwen2.5-7B MMLU,readout,a_b,0.7692071393880525
Qwen2.5-7B MMLU,readout,b_a,0.7667010684798445
Qwen2.5-7B MMLU,readout,negated,0.7380645944633316
Qwen2.5-7B MMLU,readout,no_means_correct,0.5115456532297231
Qwen2.5-7B MMLU,readout,sentence,0.7711376881981543
Qwen2.5-7B MMLU,readout,true_false,0.7780354541039338
Qwen2.5-7B MMLU,readout,yes_no,0.7749660029140358
Qwen2.5-7B TriviaQA,fitted_new_family,a_b,0.840757839501501
Qwen2.5-7B TriviaQA,fitted_new_family,b_a,0.8390574938822877
Qwen2.5-7B TriviaQA,fitted_new_family,negated,0.8522566159590304
Qwen2.5-7B TriviaQA,fitted_new_family,no_means_correct,0.8383006634879792
Qwen2.5-7B TriviaQA,fitted_new_family,sentence,0.8358888972981156
Qwen2.5-7B TriviaQA,fitted_new_family,true_false,0.8537097303161028
Qwen2.5-7B TriviaQA,fitted_new_family,yes_no,0.8480940487903329
Qwen2.5-7B TriviaQA,isolated,a_b,0.8433411539140745
Qwen2.5-7B TriviaQA,isolated,b_a,0.8373399934408033
Qwen2.5-7B TriviaQA,isolated,negated,0.8308362975857109
Qwen2.5-7B TriviaQA,isolated,no_means_correct,0.8128287797371277
Qwen2.5-7B TriviaQA,isolated,sentence,0.82429122833573
Qwen2.5-7B TriviaQA,isolated,true_false,0.8428527460329474
Qwen2.5-7B TriviaQA,isolated,yes_no,0.8435490299957111
Qwen2.5-7B TriviaQA,readout,a_b,0.8410262620146826
Qwen2.5-7B TriviaQA,readout,b_a,0.83173137566538
Qwen2.5-7B TriviaQA,readout,negated,0.693646156562981
Qwen2.5-7B TriviaQA,readout,no_means_correct,0.3800640783067182
Qwen2.5-7B TriviaQA,readout,sentence,0.8310229824163073
Qwen2.5-7B TriviaQA,readout,true_false,0.848791341860289
Qwen2.5-7B TriviaQA,readout,yes_no,0.8442564141375918
Llama-3.1-8B GSM8K,fitted_new_family,a_b,0.9627193311806964
Llama-3.1-8B GSM8K,fitted_new_family,b_a,0.9674801631999198
Llama-3.1-8B GSM8K,fitted_new_family,negated,0.9672899301644516
Llama-3.1-8B GSM8K,fitted_new_family,no_means_correct,0.95433906535506
Llama-3.1-8B GSM8K,fitted_new_family,sentence,0.9336437135490976
Llama-3.1-8B GSM8K,fitted_new_family,true_false,0.96304973592651
Llama-3.1-8B GSM8K,fitted_new_family,yes_no,0.970719130935396
Llama-3.1-8B GSM8K,isolated,a_b,0.9692733598658356
Llama-3.1-8B GSM8K,isolated,b_a,0.969392505819629
Llama-3.1-8B GSM8K,isolated,negated,0.968766739255588
Llama-3.1-8B GSM8K,isolated,no_means_correct,0.9645535781332132
Llama-3.1-8B GSM8K,isolated,sentence,0.9506946008860856
Llama-3.1-8B GSM8K,isolated,true_false,0.9659753197667144
Llama-3.1-8B GSM8K,isolated,yes_no,0.9721048284148082
Llama-3.1-8B GSM8K,readout,a_b,0.9700753422943104
Llama-3.1-8B GSM8K,readout,b_a,0.9680218267377536
Llama-3.1-8B GSM8K,readout,negated,0.9587704938549724
Llama-3.1-8B GSM8K,readout,no_means_correct,0.9602643237966508
Llama-3.1-8B GSM8K,readout,sentence,0.9372851743385648
Llama-3.1-8B GSM8K,readout,true_false,0.960052063778128
Llama-3.1-8B GSM8K,readout,yes_no,0.9680068083402168
Llama-3.1-8B MMLU,fitted_new_family,a_b,0.6770048253676471
Llama-3.1-8B MMLU,fitted_new_family,b_a,0.6816233915441177
Llama-3.1-8B MMLU,fitted_new_family,negated,0.7039636948529412
Llama-3.1-8B MMLU,fitted_new_family,no_means_correct,0.6844152113970587
Llama-3.1-8B MMLU,fitted_new_family,sentence,0.6853573069852941
Llama-3.1-8B MMLU,fitted_new_family,true_false,0.696145450367647
Llama-3.1-8B MMLU,fitted_new_family,yes_no,0.6995002297794117
Llama-3.1-8B MMLU,isolated,a_b,0.6931468290441177
Llama-3.1-8B MMLU,isolated,b_a,0.6930491727941175
Llama-3.1-8B MMLU,isolated,negated,0.7000758272058824
Llama-3.1-8B MMLU,isolated,no_means_correct,0.6940866268382354
Llama-3.1-8B MMLU,isolated,sentence,0.7005032169117648
Llama-3.1-8B MMLU,isolated,true_false,0.6969232536764706
Llama-3.1-8B MMLU,isolated,yes_no,0.7024494485294117
Llama-3.1-8B MMLU,readout,a_b,0.6913717830882353
Llama-3.1-8B MMLU,readout,b_a,0.6883903952205881
Llama-3.1-8B MMLU,readout,negated,0.6563488051470588
Llama-3.1-8B MMLU,readout,no_means_correct,0.6729733455882354
Llama-3.1-8B MMLU,readout,sentence,0.695814568014706
Llama-3.1-8B MMLU,readout,true_false,0.6950080422794117
Llama-3.1-8B MMLU,readout,yes_no,0.6945886948529412
Llama-3.1-8B ARC,fitted_new_family,a_b,0.6917759975231239
Llama-3.1-8B ARC,fitted_new_family,b_a,0.6850110298386161
Llama-3.1-8B ARC,fitted_new_family,negated,0.7163976934091877
Llama-3.1-8B ARC,fitted_new_family,no_means_correct,0.6823019466697627
Llama-3.1-8B ARC,fitted_new_family,sentence,0.7051743488525097
Llama-3.1-8B ARC,fitted_new_family,true_false,0.7130384302798096
Llama-3.1-8B ARC,fitted_new_family,yes_no,0.7217848987963931
Llama-3.1-8B ARC,isolated,a_b,0.7166825341537983
Llama-3.1-8B ARC,isolated,b_a,0.7072115793954875
Llama-3.1-8B ARC,isolated,negated,0.7150385076821858
Llama-3.1-8B ARC,isolated,no_means_correct,0.7017067223963775
Llama-3.1-8B ARC,isolated,sentence,0.7121297263825999
Llama-3.1-8B ARC,isolated,true_false,0.7167042068191491
Llama-3.1-8B ARC,isolated,yes_no,0.7333116606679825
Llama-3.1-8B ARC,readout,a_b,0.7034343434343435
Llama-3.1-8B ARC,readout,b_a,0.7069066140330509
Llama-3.1-8B ARC,readout,negated,0.6955671659119935
Llama-3.1-8B ARC,readout,no_means_correct,0.701404853128991
Llama-3.1-8B ARC,readout,sentence,0.727526607066837
Llama-3.1-8B ARC,readout,true_false,0.7090274391423818
Llama-3.1-8B ARC,readout,yes_no,0.7208994156120593
Llama-3.1-8B TriviaQA,fitted_new_family,a_b,0.8338184591914569
Llama-3.1-8B TriviaQA,fitted_new_family,b_a,0.8293760488176964
Llama-3.1-8B TriviaQA,fitted_new_family,negated,0.8388954996186117
Llama-3.1-8B TriviaQA,fitted_new_family,no_means_correct,0.8253607932875667
Llama-3.1-8B TriviaQA,fitted_new_family,sentence,0.8395301296720061
Llama-3.1-8B TriviaQA,fitted_new_family,true_false,0.836051868802441
Llama-3.1-8B TriviaQA,fitted_new_family,yes_no,0.8423188405797102
Llama-3.1-8B TriviaQA,isolated,a_b,0.8384976353928297
Llama-3.1-8B TriviaQA,isolated,b_a,0.8349620137299771
Llama-3.1-8B TriviaQA,isolated,negated,0.8274245614035087
Llama-3.1-8B TriviaQA,isolated,no_means_correct,0.8320744469870328
Llama-3.1-8B TriviaQA,isolated,sentence,0.8414096109839817
Llama-3.1-8B TriviaQA,isolated,true_false,0.8436662090007628
Llama-3.1-8B TriviaQA,isolated,yes_no,0.8457092295957284
Llama-3.1-8B TriviaQA,readout,a_b,0.832953165522502
Llama-3.1-8B TriviaQA,readout,b_a,0.8293870327993897
Llama-3.1-8B TriviaQA,readout,negated,0.7657031273836765
Llama-3.1-8B TriviaQA,readout,no_means_correct,0.7924186117467582
Llama-3.1-8B TriviaQA,readout,sentence,0.8406126620900076
Llama-3.1-8B TriviaQA,readout,true_false,0.8411435545385202
Llama-3.1-8B TriviaQA,readout,yes_no,0.8418697177726926
Mistral-7B GSM8K,fitted_new_family,a_b,0.8201603084415584
Mistral-7B GSM8K,fitted_new_family,b_a,0.808796672077922
Mistral-7B GSM8K,fitted_new_family,negated,0.8040838068181818
Mistral-7B GSM8K,fitted_new_family,no_means_correct,0.8144328327922077
Mistral-7B GSM8K,fitted_new_family,sentence,0.8260907061688311
Mistral-7B GSM8K,fitted_new_family,true_false,0.8247869318181819
Mistral-7B GSM8K,fitted_new_family,yes_no,0.8238534902597403
Mistral-7B GSM8K,isolated,a_b,0.8299188311688313
Mistral-7B GSM8K,isolated,b_a,0.8191578733766235
Mistral-7B GSM8K,isolated,negated,0.7996002435064934
Mistral-7B GSM8K,isolated,no_means_correct,0.8076582792207794
Mistral-7B GSM8K,isolated,sentence,0.8300740665584415
Mistral-7B GSM8K,isolated,true_false,0.8244338474025973
Mistral-7B GSM8K,isolated,yes_no,0.8275892857142857
Mistral-7B GSM8K,readout,a_b,0.8241690340909092
Mistral-7B GSM8K,readout,b_a,0.80325487012987
Mistral-7B GSM8K,readout,negated,0.724070616883117
Mistral-7B GSM8K,readout,no_means_correct,0.752237215909091
Mistral-7B GSM8K,readout,sentence,0.8268202110389609
Mistral-7B GSM8K,readout,true_false,0.8183360389610391
Mistral-7B GSM8K,readout,yes_no,0.8213555194805195
Mistral-7B MMLU,fitted_new_family,a_b,0.6991302083333333
Mistral-7B MMLU,fitted_new_family,b_a,0.6888645833333333
Mistral-7B MMLU,fitted_new_family,negated,0.726796875
Mistral-7B MMLU,fitted_new_family,no_means_correct,0.7270364583333333
Mistral-7B MMLU,fitted_new_family,sentence,0.7342447916666667
Mistral-7B MMLU,fitted_new_family,true_false,0.727140625
Mistral-7B MMLU,fitted_new_family,yes_no,0.7248541666666667
Mistral-7B MMLU,isolated,a_b,0.6870645833333334
Mistral-7B MMLU,isolated,b_a,0.6714093750000001
Mistral-7B MMLU,isolated,negated,0.730034375
Mistral-7B MMLU,isolated,no_means_correct,0.7298739583333332
Mistral-7B MMLU,isolated,sentence,0.7332437500000001
Mistral-7B MMLU,isolated,true_false,0.7238979166666667
Mistral-7B MMLU,isolated,yes_no,0.73086875
Mistral-7B MMLU,readout,a_b,0.6637416666666667
Mistral-7B MMLU,readout,b_a,0.6474187499999999
Mistral-7B MMLU,readout,negated,0.7029916666666667
Mistral-7B MMLU,readout,no_means_correct,0.7185520833333335
Mistral-7B MMLU,readout,sentence,0.727909375
Mistral-7B MMLU,readout,true_false,0.7200510416666667
Mistral-7B MMLU,readout,yes_no,0.7209302083333334
Mistral-7B ARC,fitted_new_family,a_b,0.6682394595180462
Mistral-7B ARC,fitted_new_family,b_a,0.6399364138877849
Mistral-7B ARC,fitted_new_family,negated,0.6507821814371907
Mistral-7B ARC,fitted_new_family,no_means_correct,0.6788756819249249
Mistral-7B ARC,fitted_new_family,sentence,0.6912099425557282
Mistral-7B ARC,fitted_new_family,true_false,0.7200187868058817
Mistral-7B ARC,fitted_new_family,yes_no,0.7277575056902345
Mistral-7B ARC,isolated,a_b,0.6830535785252358
Mistral-7B ARC,isolated,b_a,0.6516723870082011
Mistral-7B ARC,isolated,negated,0.6766732902200223
Mistral-7B ARC,isolated,no_means_correct,0.6698493442682179
Mistral-7B ARC,isolated,sentence,0.679020195816323
Mistral-7B ARC,isolated,true_false,0.7104548574731746
Mistral-7B ARC,isolated,yes_no,0.7141038332309694
Mistral-7B ARC,readout,a_b,0.6434509917265797
Mistral-7B ARC,readout,b_a,0.6056201452364609
Mistral-7B ARC,readout,negated,0.6199472524296398
Mistral-7B ARC,readout,no_means_correct,0.6563344051446945
Mistral-7B ARC,readout,sentence,0.6871476570685356
Mistral-7B ARC,readout,true_false,0.7255175403735685
Mistral-7B ARC,readout,yes_no,0.72844250153546
Mistral-7B TriviaQA,fitted_new_family,a_b,0.8050116550116551
Mistral-7B TriviaQA,fitted_new_family,b_a,0.8144767513188566
Mistral-7B TriviaQA,fitted_new_family,negated,0.7977364740522634
Mistral-7B TriviaQA,fitted_new_family,no_means_correct,0.7953993375046007
Mistral-7B TriviaQA,fitted_new_family,sentence,0.803122316280211
Mistral-7B TriviaQA,fitted_new_family,true_false,0.8102748129063919
Mistral-7B TriviaQA,fitted_new_family,yes_no,0.8158876211507791
Mistral-7B TriviaQA,isolated,a_b,0.8014354066985646
Mistral-7B TriviaQA,isolated,b_a,0.7988872530977794
Mistral-7B TriviaQA,isolated,negated,0.7895534290271132
Mistral-7B TriviaQA,isolated,no_means_correct,0.7959305606674028
Mistral-7B TriviaQA,isolated,sentence,0.8039896945160103
Mistral-7B TriviaQA,isolated,true_false,0.8058581769108085
Mistral-7B TriviaQA,isolated,yes_no,0.8042387437124279
Mistral-7B TriviaQA,readout,a_b,0.80417004048583
Mistral-7B TriviaQA,readout,b_a,0.791680775364986
Mistral-7B TriviaQA,readout,negated,0.6653294074346705
Mistral-7B TriviaQA,readout,no_means_correct,0.5773168936326831
Mistral-7B TriviaQA,readout,sentence,0.8068924058397742
Mistral-7B TriviaQA,readout,true_false,0.8116096184517236
Mistral-7B TriviaQA,readout,yes_no,0.8163182431603485
Qwen2.5-14B GSM8K,fitted_new_family,a_b,0.9342407743496672
Qwen2.5-14B GSM8K,fitted_new_family,b_a,0.9334039120790484
Qwen2.5-14B GSM8K,fitted_new_family,negated,0.9400887275660416
Qwen2.5-14B GSM8K,fitted_new_family,no_means_correct,0.9325771324863884
Qwen2.5-14B GSM8K,fitted_new_family,sentence,0.9260032264569468
Qwen2.5-14B GSM8K,fitted_new_family,true_false,0.9414095583787054
Qwen2.5-14B GSM8K,fitted_new_family,yes_no,0.9359850776366204
Qwen2.5-14B GSM8K,isolated,a_b,0.9306352087114336
Qwen2.5-14B GSM8K,isolated,b_a,0.9325206694898164
Qwen2.5-14B GSM8K,isolated,negated,0.9360919540229884
Qwen2.5-14B GSM8K,isolated,no_means_correct,0.910606977213148
Qwen2.5-14B GSM8K,isolated,sentence,0.9252450090744102
Qwen2.5-14B GSM8K,isolated,true_false,0.9398749747933052
Qwen2.5-14B GSM8K,isolated,yes_no,0.9388263762855412
Qwen2.5-14B GSM8K,readout,a_b,0.9302319015930628
Qwen2.5-14B GSM8K,readout,b_a,0.9299374873966524
Qwen2.5-14B GSM8K,readout,negated,0.7942911877394637
Qwen2.5-14B GSM8K,readout,no_means_correct,0.574519056261343
Qwen2.5-14B GSM8K,readout,sentence,0.9269570477918936
Qwen2.5-14B GSM8K,readout,true_false,0.9374954627949184
Qwen2.5-14B GSM8K,readout,yes_no,0.926797741480137
Qwen2.5-14B MMLU,fitted_new_family,a_b,0.7458429206933579
Qwen2.5-14B MMLU,fitted_new_family,b_a,0.7479751495628164
Qwen2.5-14B MMLU,fitted_new_family,negated,0.7444316612977452
Qwen2.5-14B MMLU,fitted_new_family,no_means_correct,0.7498696119036662
Qwen2.5-14B MMLU,fitted_new_family,sentence,0.7539499923301121
Qwen2.5-14B MMLU,fitted_new_family,true_false,0.7472848596410493
Qwen2.5-14B MMLU,fitted_new_family,yes_no,0.7458659303574168
Qwen2.5-14B MMLU,isolated,a_b,0.7328117809479983
Qwen2.5-14B MMLU,isolated,b_a,0.7324221506366009
Qwen2.5-14B MMLU,isolated,negated,0.6973247430587515
Qwen2.5-14B MMLU,isolated,no_means_correct,0.6305982512655315
Qwen2.5-14B MMLU,isolated,sentence,0.7455760085902746
Qwen2.5-14B MMLU,isolated,true_false,0.7317502684460807
Qwen2.5-14B MMLU,isolated,yes_no,0.7337490412639975
Qwen2.5-14B MMLU,readout,a_b,0.7348780487804878
Qwen2.5-14B MMLU,readout,b_a,0.7316198803497468
Qwen2.5-14B MMLU,readout,negated,0.4321506366007056
Qwen2.5-14B MMLU,readout,no_means_correct,0.3526691210308329
Qwen2.5-14B MMLU,readout,sentence,0.7553106304647952
Qwen2.5-14B MMLU,readout,true_false,0.7421168890934191
Qwen2.5-14B MMLU,readout,yes_no,0.738254333486731
Qwen2.5-14B TriviaQA,fitted_new_family,a_b,0.8618417849898581
Qwen2.5-14B TriviaQA,fitted_new_family,b_a,0.8659364435429344
Qwen2.5-14B TriviaQA,fitted_new_family,negated,0.8637025016903312
Qwen2.5-14B TriviaQA,fitted_new_family,no_means_correct,0.8666666666666666
Qwen2.5-14B TriviaQA,fitted_new_family,sentence,0.8667369844489521
Qwen2.5-14B TriviaQA,fitted_new_family,true_false,0.8646815415821502
Qwen2.5-14B TriviaQA,fitted_new_family,yes_no,0.8624097363083164
Qwen2.5-14B TriviaQA,isolated,a_b,0.8539283299526708
Qwen2.5-14B TriviaQA,isolated,b_a,0.8519323867478025
Qwen2.5-14B TriviaQA,isolated,negated,0.7962428668018932
Qwen2.5-14B TriviaQA,isolated,no_means_correct,0.6180100067613252
Qwen2.5-14B TriviaQA,isolated,sentence,0.8684851926977687
Qwen2.5-14B TriviaQA,isolated,true_false,0.8696448951994591
Qwen2.5-14B TriviaQA,isolated,yes_no,0.8710480054090602
Qwen2.5-14B TriviaQA,readout,a_b,0.8478171737660581
Qwen2.5-14B TriviaQA,readout,b_a,0.7411959432048681
Qwen2.5-14B TriviaQA,readout,negated,0.1694874915483434
Qwen2.5-14B TriviaQA,readout,no_means_correct,0.1860240703177823
Qwen2.5-14B TriviaQA,readout,sentence,0.8620808654496283
Qwen2.5-14B TriviaQA,readout,true_false,0.8650461122379987
Qwen2.5-14B TriviaQA,readout,yes_no,0.859098309668695
