task,condition,readout,isolated,fitted,verdict
entailment,yes_no,0.8661986446950563,0.8660211047485684,0.8661986446950563,0.8641481833412519
entailment,true_false,0.8658248105823811,0.8602110474856843,0.8663774349228577,0.8648302117976543
entailment,a_b,0.8484796579230326,0.8463791853166963,0.8462779125303194,0.8122052461803906
entailment,b_a,0.8507576704758572,0.8484859093295991,0.8460053512040209,0.7670350828936511
entailment,sentence,0.8450951464079417,0.8456890300317572,0.8377609962241503,
entailment,negated,0.5038558675702033,0.8271786151884174,0.8266659998499664,0.6273805356205147
entailment,one_zero,0.8458778225100647,0.8491010477357406,0.8453239478882748,0.832954289715186
entailment,word_pair,0.8402703108199345,0.8464967117601461,0.8433885124152933,0.8072947663224226
entailment,zero_means_positive,0.8115000875196918,0.8518666700007501,0.8403090695406467,0.7378766472456302
entailment,false_means_positive,0.781222024955615,0.8584631542096972,0.8544747568202846,0.5101897927033583
entailment,no_means_positive,0.660603635818059,0.8581968442899652,0.8456227651221526,0.5135868070315821
safety,yes_no,0.9034432747368156,0.9021017228876496,0.9034432747368156,0.8935116651246531
safety,true_false,0.9054049661173764,0.9042834637793504,0.9066977569953238,0.8909567152609337
safety,a_b,0.887763496786777,0.8958978270110776,0.9008876997324398,0.8889656422695107
safety,b_a,0.8784714060663649,0.8940649146057864,0.8990147783251231,0.8286658248105823
safety,sentence,0.8738116076117126,0.8951714135680527,0.896044109924733,
safety,negated,0.4801205271186017,0.8910604886099373,0.8808944512515315,0.7815333450026256
safety,one_zero,0.8928896501712885,0.8956877797504439,0.8964642044460003,0.886652621839914
safety,word_pair,0.8797929534145184,0.8910204796079118,0.8937448425895826,0.8885192918406641
safety,zero_means_positive,0.8029731689630167,0.8932997424420496,0.8941874421744893,0.868587932284764
safety,false_means_positive,0.7563501787902278,0.8900702658098071,0.8835500487609711,0.7017522692605836
safety,no_means_positive,0.5221062239003776,0.8853241979445375,0.8936173138956266,0.7931647120602136
