cell,condition,correct_token_rate
Qwen2.5-7B GSM8K,negated,0.794
Qwen2.5-7B GSM8K,zero_means_correct,0.8265
Qwen2.5-7B GSM8K,false_means_correct,0.8370000000000001
Qwen2.5-7B GSM8K,no_means_correct,0.7625
Qwen2.5-7B MMLU,negated,0.408
Qwen2.5-7B MMLU,zero_means_correct,0.6910000000000001
Qwen2.5-7B MMLU,false_means_correct,0.6780000000000002
Qwen2.5-7B MMLU,no_means_correct,0.4359999999999999
Qwen2.5-7B TriviaQA,negated,0.4415
Qwen2.5-7B TriviaQA,zero_means_correct,0.739
Qwen2.5-7B TriviaQA,false_means_correct,0.748
Qwen2.5-7B TriviaQA,no_means_correct,0.6695
Llama-3.1-8B GSM8K,negated,0.6094999999999999
Llama-3.1-8B GSM8K,zero_means_correct,0.5615
Llama-3.1-8B GSM8K,false_means_correct,0.4575
Llama-3.1-8B GSM8K,no_means_correct,0.388
Llama-3.1-8B MMLU,negated,0.431
Llama-3.1-8B MMLU,zero_means_correct,0.6275000000000001
Llama-3.1-8B MMLU,false_means_correct,0.4765
Llama-3.1-8B MMLU,no_means_correct,0.3015
Llama-3.1-8B ARC,negated,0.329
Llama-3.1-8B ARC,zero_means_correct,0.7475
Llama-3.1-8B ARC,false_means_correct,0.444
Llama-3.1-8B ARC,no_means_correct,0.2314999999999999
Llama-3.1-8B TriviaQA,negated,0.726
Llama-3.1-8B TriviaQA,zero_means_correct,0.7649999999999999
Llama-3.1-8B TriviaQA,false_means_correct,0.503
Llama-3.1-8B TriviaQA,no_means_correct,0.487
Mistral-7B GSM8K,negated,0.669
Mistral-7B GSM8K,zero_means_correct,0.0
Mistral-7B GSM8K,false_means_correct,0.512
Mistral-7B GSM8K,no_means_correct,0.282
Mistral-7B MMLU,negated,0.5695
Mistral-7B MMLU,zero_means_correct,0.0
Mistral-7B MMLU,false_means_correct,0.442
Mistral-7B MMLU,no_means_correct,0.5115000000000001
Mistral-7B ARC,negated,0.6074999999999999
Mistral-7B ARC,zero_means_correct,0.0
Mistral-7B ARC,false_means_correct,0.2754999999999999
Mistral-7B ARC,no_means_correct,0.5125
Mistral-7B TriviaQA,negated,0.6715
Mistral-7B TriviaQA,zero_means_correct,0.0
Mistral-7B TriviaQA,false_means_correct,0.4575
Mistral-7B TriviaQA,no_means_correct,0.6115
Qwen2.5-14B GSM8K,negated,0.866
Qwen2.5-14B GSM8K,zero_means_correct,0.7625
Qwen2.5-14B GSM8K,false_means_correct,0.7460000000000001
Qwen2.5-14B GSM8K,no_means_correct,0.524
Qwen2.5-14B MMLU,negated,0.7175
Qwen2.5-14B MMLU,zero_means_correct,0.649
Qwen2.5-14B MMLU,false_means_correct,0.471
Qwen2.5-14B MMLU,no_means_correct,0.466
Qwen2.5-14B TriviaQA,negated,0.7615
Qwen2.5-14B TriviaQA,zero_means_correct,0.8049999999999999
Qwen2.5-14B TriviaQA,false_means_correct,0.7175
Qwen2.5-14B TriviaQA,no_means_correct,0.77
