cell,condition,readout_drop,correct_token_rate
Qwen2.5-7B GSM8K,negated,0.5101613518618371,0.79875
Qwen2.5-7B GSM8K,false_means_correct,0.3318040065209234,0.8266666666666667
Qwen2.5-7B GSM8K,no_means_correct,0.4370090782100885,0.8058333333333333
Qwen2.5-7B MMLU,negated,0.0586131010909773,0.4100367197062423
Qwen2.5-7B MMLU,false_means_correct,0.2085335018963339,0.6609547123623011
Qwen2.5-7B MMLU,no_means_correct,0.1384183171793792,0.4773561811505507
Qwen2.5-7B TriviaQA,negated,0.2822659482201057,0.51875
Qwen2.5-7B TriviaQA,false_means_correct,0.4333560233516337,0.7637499999999999
Qwen2.5-7B TriviaQA,no_means_correct,0.4258704378749419,0.6675
Llama-3.1-8B GSM8K,negated,0.0223355562638933,0.6458333333333333
Llama-3.1-8B GSM8K,false_means_correct,-0.0002854184505319,0.4054166666666667
Llama-3.1-8B GSM8K,no_means_correct,-0.0013687585547408,0.3979166666666667
Llama-3.1-8B MMLU,negated,0.073587610634663,0.4961240310077519
Llama-3.1-8B MMLU,false_means_correct,0.0520551649540291,0.4353325173398613
Llama-3.1-8B MMLU,no_means_correct,0.0441014877196597,0.3182374541003672
Llama-3.1-8B ARC,negated,0.0283848096348097,0.3941666666666666
Llama-3.1-8B ARC,false_means_correct,0.0609915258352757,0.33
Llama-3.1-8B ARC,no_means_correct,0.0475882624320124,0.2633333333333333
Llama-3.1-8B TriviaQA,negated,0.1461194312108659,0.7466666666666667
Llama-3.1-8B TriviaQA,false_means_correct,0.0399520223412164,0.3733333333333333
Llama-3.1-8B TriviaQA,no_means_correct,0.1126516464471403,0.4170833333333333
Mistral-7B GSM8K,negated,0.057548393161188,0.6816666666666666
Mistral-7B GSM8K,false_means_correct,0.043927168319116,0.4654166666666666
Mistral-7B GSM8K,no_means_correct,0.056858359343122,0.2570833333333333
Mistral-7B MMLU,negated,0.0166324435318275,0.561811505507956
Mistral-7B MMLU,false_means_correct,0.0237550038371393,0.441860465116279
Mistral-7B MMLU,no_means_correct,0.0142098604110924,0.5104039167686659
Mistral-7B ARC,negated,0.0728618610276311,0.66375
Mistral-7B ARC,false_means_correct,0.0574510414649819,0.2745833333333333
Mistral-7B ARC,no_means_correct,0.0376487556576957,0.535
Mistral-7B TriviaQA,negated,0.2630059647220184,0.7324999999999999
Mistral-7B TriviaQA,false_means_correct,0.0741868946232443,0.4633333333333334
Mistral-7B TriviaQA,no_means_correct,0.0886229041072586,0.59
Qwen2.5-14B GSM8K,negated,0.1521964905753969,0.85125
Qwen2.5-14B GSM8K,false_means_correct,0.0439375620039683,0.8595833333333333
Qwen2.5-14B GSM8K,no_means_correct,0.1756998697916667,0.4504166666666666
Qwen2.5-14B MMLU,negated,0.331964025545806,0.697266421868625
Qwen2.5-14B MMLU,false_means_correct,0.2051743402675079,0.507547939616483
Qwen2.5-14B MMLU,no_means_correct,0.2596481426709168,0.5124439004487965
Qwen2.5-14B TriviaQA,negated,0.7084307209972497,0.78625
Qwen2.5-14B TriviaQA,false_means_correct,0.6927078933288277,0.7783333333333333
Qwen2.5-14B TriviaQA,no_means_correct,0.690035012625196,0.7795833333333332
