cell,wording,verdicts_agree,vs_yes_no_verdict,vs_negated_verdict,vs_yes_no_verdict_disagreeing
Qwen2.5-7B GSM8K,P01,0.905,0.9523144453312052,0.8970959595959596,
Qwen2.5-7B GSM8K,P03,0.907035175879397,0.9434906126482212,0.8469008854612968,
Qwen2.5-7B GSM8K,P05,0.9125,0.9590139232113796,0.8839518229166666,0.7121212121212122
Qwen2.5-7B GSM8K,P07,0.6967418546365914,0.9728983547441964,0.30377768128528,0.9801120448179272
Qwen2.5-7B GSM8K,P09,0.895,0.8778930566640064,0.4555263157894736,0.925
Qwen2.5-7B MMLU,P01,0.2783505154639175,0.923104018207928,0.18796992481203,0.9701469687691364
Qwen2.5-7B MMLU,P03,0.314070351758794,0.9085677585099552,0.2117262152056502,0.9678839957035446
Qwen2.5-7B MMLU,P05,0.4701298701298701,0.9139027838190518,0.330428793867529,0.9733870967741935
Qwen2.5-7B MMLU,P07,0.1183879093198992,0.9452338359315104,0.0469512195121951,0.979313725490196
Qwen2.5-7B MMLU,P09,0.26,0.9288445638693676,0.0308734939759036,0.996161099137931
Qwen2.5-7B TriviaQA,P01,0.3994974874371859,0.9860920190830436,0.3833350483638609,0.9911648289510884
Qwen2.5-7B TriviaQA,P03,0.2982456140350877,0.9583668005354752,0.2726746818250415,0.968218537414966
Qwen2.5-7B TriviaQA,P05,0.6992481203007519,0.7951355914318877,0.5505177440434302,0.9465625
Qwen2.5-7B TriviaQA,P07,0.0651629072681704,0.9705502315064068,0.0413085377923633,0.9860069507956832
Qwen2.5-7B TriviaQA,P09,0.25,0.9861111111111112,0.1484375,0.999793431109275
Llama-3.1-8B GSM8K,P01,0.94,0.9718199608610568,0.907233911841499,0.9682539682539684
Llama-3.1-8B GSM8K,P03,0.84,0.9317375886524822,0.8332034632034632,0.8929292929292929
Llama-3.1-8B GSM8K,P05,0.59,0.9088713687051636,0.7943948598714968,0.9754601226993864
Llama-3.1-8B GSM8K,P07,0.0975,0.919319022945966,0.1885318296079896,0.9773371104815864
Llama-3.1-8B GSM8K,P09,0.9425,0.9417989417989416,0.7372682718943107,1.0
Llama-3.1-8B MMLU,P01,0.3207070707070707,0.5364608653378707,0.2842118722628904,0.6872659176029963
Llama-3.1-8B MMLU,P03,0.1653944020356234,0.8449962935507783,0.3787774047007703,0.9714393796103652
Llama-3.1-8B MMLU,P05,0.2358974358974359,0.5572538003965631,0.3946969696969697,0.9932659932659932
Llama-3.1-8B MMLU,P07,0.1585677749360614,0.7218085106382979,0.5738095238095238,0.7053846153846154
Llama-3.1-8B MMLU,P09,0.375,0.8793166121410396,0.3360250274071499,0.9176788124156544
Llama-3.1-8B ARC,P01,0.315,0.6200962250185048,0.1447172619047619,
Llama-3.1-8B ARC,P03,0.14,0.8743489583333334,0.4932638888888889,
Llama-3.1-8B ARC,P05,0.1662468513853904,0.7767991004497751,0.2722972972972973,
Llama-3.1-8B ARC,P07,0.0875,0.8949472918938568,0.283882472826087,0.9669421487603306
Llama-3.1-8B ARC,P09,0.385,0.6455160744500846,0.2412591162591162,
Llama-3.1-8B TriviaQA,P01,0.795,0.7656956637403565,0.6053485080787828,0.5061728395061729
Llama-3.1-8B TriviaQA,P03,0.7275,0.9469476744186046,0.8407702902882092,0.8177570093457944
Llama-3.1-8B TriviaQA,P05,0.6025,0.93432215292994,0.7781453634085213,
Llama-3.1-8B TriviaQA,P07,0.5675,0.9601251956181532,0.7080740666399037,0.9565400843881856
Llama-3.1-8B TriviaQA,P09,0.7425,0.9181735612253324,0.7262979055258467,
Mistral-7B GSM8K,P01,0.9125,0.9749654430962986,0.9674285714285714,0.7647058823529411
Mistral-7B GSM8K,P03,0.8175,0.3800437288809382,0.4893719448970522,
Mistral-7B GSM8K,P05,0.935,0.962287608785744,0.9431307406683604,0.92
Mistral-7B GSM8K,P07,0.47,0.9795962199312714,0.541540404040404,0.9452380952380952
Mistral-7B GSM8K,P09,0.87,0.9892665474060824,0.9724454649827784,
Mistral-7B MMLU,P01,0.5975,0.8666942947920984,0.6809343434343434,
Mistral-7B MMLU,P03,0.4075,0.9084615384615384,0.5548913759052008,0.9576271186440678
Mistral-7B MMLU,P05,0.465,0.7075718015665796,0.3134145407186087,0.5868544600938967
Mistral-7B MMLU,P07,0.4275,0.8763665275293182,0.2886831905344757,0.9054054054054054
Mistral-7B MMLU,P09,0.485,0.7427946730272311,0.177476727465375,
Mistral-7B TriviaQA,P01,0.7675,0.9678770949720672,0.8283290775146018,0.9367816091954024
Mistral-7B TriviaQA,P03,0.69,0.960156555772994,0.6721302708628573,0.9596638655462184
Mistral-7B TriviaQA,P05,0.775,0.8750401800064288,0.8355109802478223,0.8494117647058823
Mistral-7B TriviaQA,P07,0.315,0.9760104681593488,0.2889529624604251,0.9947691197691196
Mistral-7B TriviaQA,P09,0.615,0.9774131685489026,0.748386934799528,0.977924944812362
Qwen2.5-14B GSM8K,P01,0.92,0.9556397978185688,0.8530769230769231,
Qwen2.5-14B GSM8K,P03,0.9025,0.9712078651685392,0.879493670886076,
Qwen2.5-14B GSM8K,P05,0.91,0.9795158286778398,0.8781725888324873,
Qwen2.5-14B GSM8K,P07,0.9,0.9804334533596032,0.8646616541353384,
Qwen2.5-14B GSM8K,P09,0.8575,0.9767321369695257,0.8409475465313029,
Qwen2.5-14B MMLU,P01,0.7550505050505051,0.7461978156578545,0.4707108609547634,0.9203296703296704
Qwen2.5-14B MMLU,P03,0.6675062972292192,0.8499820614012609,0.4783559931239256,0.9294117647058824
Qwen2.5-14B MMLU,P05,0.690176322418136,0.7229747062746908,0.3299412030755314,0.9743589743589745
Qwen2.5-14B MMLU,P07,0.5703517587939698,0.9193041184824507,0.3267200718724264,0.9971590909090908
Qwen2.5-14B MMLU,P09,0.57,0.8938666666666667,0.4416073478760046,0.9869477911646586
Qwen2.5-14B TriviaQA,P01,0.8575,0.962977021965786,0.8227625392979724,1.0
Qwen2.5-14B TriviaQA,P03,0.8325,0.8409650793650794,0.6570200745281884,1.0
Qwen2.5-14B TriviaQA,P05,0.88,0.9449904761904762,0.8178482433801583,0.9790940766550522
Qwen2.5-14B TriviaQA,P07,0.6425,0.9472148944805194,0.6333085624638758,
Qwen2.5-14B TriviaQA,P09,0.7125,0.9699519230769232,0.6430852951614812,1.0
