cell,method,condition,auroc,verdict_auroc
Gemma-2-9B TriviaQA,readout,yes_no,0.7622388345792601,0.7667761986910923
Gemma-2-9B TriviaQA,readout,true_false,0.7648730797666968,0.7656781401462253
Gemma-2-9B TriviaQA,readout,a_b,0.7606560968263096,0.7583750924176457
Gemma-2-9B TriviaQA,readout,b_a,0.7609408800898162,0.7718146718146718
Gemma-2-9B TriviaQA,readout,sentence,0.7540896519619924,
Gemma-2-9B TriviaQA,readout,negated,0.3493469153043621,0.7407267449820641
Gemma-2-9B TriviaQA,readout,one_zero,0.7615980722363701,0.7660560256304938
Gemma-2-9B TriviaQA,readout,correct_incorrect,0.7624031326158986,0.7627043456830691
Gemma-2-9B TriviaQA,readout,zero_means_correct,0.7088967386839726,0.7559708644815027
Gemma-2-9B TriviaQA,readout,false_means_correct,0.6707960239875133,0.6948328267477203
Gemma-2-9B TriviaQA,readout,no_means_correct,0.3862482543333607,0.7445357211314658
Gemma-2-9B TriviaQA,isolated,yes_no,0.7588159588159588,0.7667761986910923
Gemma-2-9B TriviaQA,isolated,true_false,0.7566143651250034,0.7656781401462253
Gemma-2-9B TriviaQA,isolated,a_b,0.7581368602645199,0.7583750924176457
Gemma-2-9B TriviaQA,isolated,b_a,0.761225663353323,0.7718146718146718
Gemma-2-9B TriviaQA,isolated,sentence,0.7494728771324517,
Gemma-2-9B TriviaQA,isolated,negated,0.7467290999205893,0.7407267449820641
Gemma-2-9B TriviaQA,isolated,one_zero,0.7602563049371559,0.7660560256304938
Gemma-2-9B TriviaQA,isolated,correct_incorrect,0.7621238259536132,0.7627043456830691
Gemma-2-9B TriviaQA,isolated,zero_means_correct,0.7537774856923793,0.7559708644815027
Gemma-2-9B TriviaQA,isolated,false_means_correct,0.7536022344532983,0.6948328267477203
Gemma-2-9B TriviaQA,isolated,no_means_correct,0.7612694761630932,0.7445357211314658
Gemma-2-9B TriviaQA,tuned_probe,yes_no,0.7655686081217997,0.7667761986910923
Gemma-2-9B TriviaQA,tuned_probe,true_false,0.7643582792518963,0.7656781401462253
Gemma-2-9B TriviaQA,tuned_probe,a_b,0.7512692023330322,0.7583750924176457
Gemma-2-9B TriviaQA,tuned_probe,b_a,0.7188860593115912,0.7718146718146718
Gemma-2-9B TriviaQA,tuned_probe,sentence,0.715928694652099,
Gemma-2-9B TriviaQA,tuned_probe,negated,0.3933733125222486,0.7407267449820641
Gemma-2-9B TriviaQA,tuned_probe,one_zero,0.7559626495796709,0.7660560256304938
Gemma-2-9B TriviaQA,tuned_probe,correct_incorrect,0.7681097510884745,0.7627043456830691
Gemma-2-9B TriviaQA,tuned_probe,zero_means_correct,0.6786001807278402,0.7559708644815027
Gemma-2-9B TriviaQA,tuned_probe,false_means_correct,0.6724609107587831,0.6948328267477203
Gemma-2-9B TriviaQA,tuned_probe,no_means_correct,0.3997973657548125,0.7445357211314658
Gemma-2-9B TriviaQA,pooled,yes_no,0.7475451135025603,0.7667761986910923
Gemma-2-9B TriviaQA,pooled,true_false,0.7541279881705414,0.7656781401462253
Gemma-2-9B TriviaQA,pooled,a_b,0.750666776198691,0.7583750924176457
Gemma-2-9B TriviaQA,pooled,b_a,0.7529286125030807,0.7718146718146718
Gemma-2-9B TriviaQA,pooled,sentence,0.7561652838248584,
Gemma-2-9B TriviaQA,pooled,negated,0.742199950710589,0.7407267449820641
Gemma-2-9B TriviaQA,pooled,one_zero,0.753870587913141,0.7660560256304938
Gemma-2-9B TriviaQA,pooled,correct_incorrect,0.7590076398587037,0.7627043456830691
Gemma-2-9B TriviaQA,pooled,zero_means_correct,0.743092636709658,0.7559708644815027
Gemma-2-9B TriviaQA,pooled,false_means_correct,0.7363016511952681,0.6948328267477203
Gemma-2-9B TriviaQA,pooled,no_means_correct,0.7520359265040115,0.7445357211314658
Gemma-2-9B TriviaQA,fitted,yes_no,0.7622388345792601,0.7667761986910923
Gemma-2-9B TriviaQA,fitted,true_false,0.7616802212546894,0.7656781401462253
Gemma-2-9B TriviaQA,fitted,a_b,0.7572606040691148,0.7583750924176457
Gemma-2-9B TriviaQA,fitted,b_a,0.7612420931569868,0.7718146718146718
Gemma-2-9B TriviaQA,fitted,sentence,0.7469536405706618,
Gemma-2-9B TriviaQA,fitted,negated,0.7477367945453052,0.7407267449820641
Gemma-2-9B TriviaQA,fitted,one_zero,0.758158766669405,0.7660560256304938
Gemma-2-9B TriviaQA,fitted,correct_incorrect,0.7622716941865878,0.7627043456830691
Gemma-2-9B TriviaQA,fitted,zero_means_correct,0.753383170404447,0.7559708644815027
Gemma-2-9B TriviaQA,fitted,false_means_correct,0.7451627919713026,0.6948328267477203
Gemma-2-9B TriviaQA,fitted,no_means_correct,0.7472274706317259,0.7445357211314658
Gemma-2-9B MMLU,readout,yes_no,0.7409433471933472,0.7304281444906444
Gemma-2-9B MMLU,readout,true_false,0.7363175675675675,0.7233497920997921
Gemma-2-9B MMLU,readout,a_b,0.7361551455301456,0.6744217775467775
Gemma-2-9B MMLU,readout,b_a,0.724129417879418,0.6331470893970893
Gemma-2-9B MMLU,readout,sentence,0.7247141372141371,
Gemma-2-9B MMLU,readout,negated,0.5299961018711018,0.6783881237006237
Gemma-2-9B MMLU,readout,one_zero,0.7371361746361746,0.7371946465696466
Gemma-2-9B MMLU,readout,correct_incorrect,0.7396309771309773,0.7304086538461539
Gemma-2-9B MMLU,readout,zero_means_correct,0.7235317047817048,0.7324259355509356
Gemma-2-9B MMLU,readout,false_means_correct,0.7210693866943868,0.6041904885654886
Gemma-2-9B MMLU,readout,no_means_correct,0.6219659563409563,0.6620971933471933
Gemma-2-9B MMLU,isolated,yes_no,0.7397544178794179,0.7304281444906444
Gemma-2-9B MMLU,isolated,true_false,0.7234862266112266,0.7233497920997921
Gemma-2-9B MMLU,isolated,a_b,0.748843555093555,0.6744217775467775
Gemma-2-9B MMLU,isolated,b_a,0.7459134615384616,0.6331470893970893
Gemma-2-9B MMLU,isolated,sentence,0.7356743762993763,
Gemma-2-9B MMLU,isolated,negated,0.7217450623700623,0.6783881237006237
Gemma-2-9B MMLU,isolated,one_zero,0.740625,0.7371946465696466
Gemma-2-9B MMLU,isolated,correct_incorrect,0.7395400207900208,0.7304086538461539
Gemma-2-9B MMLU,isolated,zero_means_correct,0.7391891891891892,0.7324259355509356
Gemma-2-9B MMLU,isolated,false_means_correct,0.7306782744282744,0.6041904885654886
Gemma-2-9B MMLU,isolated,no_means_correct,0.7242788461538461,0.6620971933471933
Gemma-2-9B MMLU,tuned_probe,yes_no,0.73195816008316,0.7304281444906444
Gemma-2-9B MMLU,tuned_probe,true_false,0.7281704781704782,0.7233497920997921
Gemma-2-9B MMLU,tuned_probe,a_b,0.7228300415800415,0.6744217775467775
Gemma-2-9B MMLU,tuned_probe,b_a,0.7075818607068607,0.6331470893970893
Gemma-2-9B MMLU,tuned_probe,sentence,0.6920153326403327,
Gemma-2-9B MMLU,tuned_probe,negated,0.5502208939708939,0.6783881237006237
Gemma-2-9B MMLU,tuned_probe,one_zero,0.7237915800415801,0.7371946465696466
Gemma-2-9B MMLU,tuned_probe,correct_incorrect,0.7215111746361746,0.7304086538461539
Gemma-2-9B MMLU,tuned_probe,zero_means_correct,0.7060161122661123,0.7324259355509356
Gemma-2-9B MMLU,tuned_probe,false_means_correct,0.7019490644490645,0.6041904885654886
Gemma-2-9B MMLU,tuned_probe,no_means_correct,0.6269880457380457,0.6620971933471933
Gemma-2-9B MMLU,pooled,yes_no,0.7369802494802494,0.7304281444906444
Gemma-2-9B MMLU,pooled,true_false,0.74314579002079,0.7233497920997921
Gemma-2-9B MMLU,pooled,a_b,0.7323739604989605,0.6744217775467775
Gemma-2-9B MMLU,pooled,b_a,0.716014812889813,0.6331470893970893
Gemma-2-9B MMLU,pooled,sentence,0.7224337318087318,
Gemma-2-9B MMLU,pooled,negated,0.7185810810810811,0.6783881237006237
Gemma-2-9B MMLU,pooled,one_zero,0.7409823284823285,0.7371946465696466
Gemma-2-9B MMLU,pooled,correct_incorrect,0.7369217775467776,0.7304086538461539
Gemma-2-9B MMLU,pooled,zero_means_correct,0.7384810291060291,0.7324259355509356
Gemma-2-9B MMLU,pooled,false_means_correct,0.7351351351351352,0.6041904885654886
Gemma-2-9B MMLU,pooled,no_means_correct,0.7258251039501039,0.6620971933471933
Gemma-2-9B MMLU,fitted,yes_no,0.7409433471933472,0.7304281444906444
Gemma-2-9B MMLU,fitted,true_false,0.7396439708939708,0.7233497920997921
Gemma-2-9B MMLU,fitted,a_b,0.7340501559251559,0.6744217775467775
Gemma-2-9B MMLU,fitted,b_a,0.7197570166320167,0.6331470893970893
Gemma-2-9B MMLU,fitted,sentence,0.7400077962577962,
Gemma-2-9B MMLU,fitted,negated,0.7168009355509356,0.6783881237006237
Gemma-2-9B MMLU,fitted,one_zero,0.7403521309771309,0.7371946465696466
Gemma-2-9B MMLU,fitted,correct_incorrect,0.7400987525987526,0.7304086538461539
Gemma-2-9B MMLU,fitted,zero_means_correct,0.73327053014553,0.7324259355509356
Gemma-2-9B MMLU,fitted,false_means_correct,0.7214202182952184,0.6041904885654886
Gemma-2-9B MMLU,fitted,no_means_correct,0.717268711018711,0.6620971933471933
Gemma-2-9B GSM8K,readout,yes_no,0.8879845508925628,0.862955112806745
Gemma-2-9B GSM8K,readout,true_false,0.8981583533512317,0.8737035467005793
Gemma-2-9B GSM8K,readout,a_b,0.8957844661108755,0.8872309358956244
Gemma-2-9B GSM8K,readout,b_a,0.8947482454900854,0.8223164240968395
Gemma-2-9B GSM8K,readout,sentence,0.8991097922848665,
Gemma-2-9B GSM8K,readout,negated,0.687174414770854,0.8656869671706466
Gemma-2-9B GSM8K,readout,one_zero,0.8802223164240968,0.8861711648061796
Gemma-2-9B GSM8K,readout,correct_incorrect,0.8784324808063682,0.8538787621873676
Gemma-2-9B GSM8K,readout,zero_means_correct,0.8409872356459893,0.8956243229240263
Gemma-2-9B GSM8K,readout,false_means_correct,0.886053412462908,0.8750176628514907
Gemma-2-9B GSM8K,readout,no_means_correct,0.8272808628891715,0.8224106259714569
Gemma-2-9B GSM8K,isolated,yes_no,0.9024351184588576,0.862955112806745
Gemma-2-9B GSM8K,isolated,true_false,0.9072959351891104,0.8737035467005793
Gemma-2-9B GSM8K,isolated,a_b,0.9060053695068532,0.8872309358956244
Gemma-2-9B GSM8K,isolated,b_a,0.9048466864490604,0.8223164240968395
Gemma-2-9B GSM8K,isolated,sentence,0.9005228204041259,
Gemma-2-9B GSM8K,isolated,negated,0.905242334322453,0.8656869671706466
Gemma-2-9B GSM8K,isolated,one_zero,0.9041401723894305,0.8861711648061796
Gemma-2-9B GSM8K,isolated,correct_incorrect,0.8885968630775753,0.8538787621873676
Gemma-2-9B GSM8K,isolated,zero_means_correct,0.8886439640148838,0.8956243229240263
Gemma-2-9B GSM8K,isolated,false_means_correct,0.8812208562950403,0.8750176628514907
Gemma-2-9B GSM8K,isolated,no_means_correct,0.8948707079270879,0.8224106259714569
Gemma-2-9B GSM8K,tuned_probe,yes_no,0.895869247798031,0.862955112806745
Gemma-2-9B GSM8K,tuned_probe,true_false,0.8382082803447789,0.8737035467005793
Gemma-2-9B GSM8K,tuned_probe,a_b,0.8290141773821299,0.8872309358956244
Gemma-2-9B GSM8K,tuned_probe,b_a,0.8737318072629645,0.8223164240968395
Gemma-2-9B GSM8K,tuned_probe,sentence,0.8261127596439168,
Gemma-2-9B GSM8K,tuned_probe,negated,0.8467900711224153,0.8656869671706466
Gemma-2-9B GSM8K,tuned_probe,one_zero,0.867457962413452,0.8861711648061796
Gemma-2-9B GSM8K,tuned_probe,correct_incorrect,0.8722151570816259,0.8538787621873676
Gemma-2-9B GSM8K,tuned_probe,zero_means_correct,0.8969148886062832,0.8956243229240263
Gemma-2-9B GSM8K,tuned_probe,false_means_correct,0.881126654420423,0.8750176628514907
Gemma-2-9B GSM8K,tuned_probe,no_means_correct,0.8570863360180867,0.8224106259714569
Gemma-2-9B GSM8K,pooled,yes_no,0.8810701332956526,0.862955112806745
Gemma-2-9B GSM8K,pooled,true_false,0.8929866704347417,0.8737035467005793
Gemma-2-9B GSM8K,pooled,a_b,0.8989967500353258,0.8872309358956244
Gemma-2-9B GSM8K,pooled,b_a,0.9017286043992276,0.8223164240968395
Gemma-2-9B GSM8K,pooled,sentence,0.8967547454194339,
Gemma-2-9B GSM8K,pooled,negated,0.8838208280344778,0.8656869671706466
Gemma-2-9B GSM8K,pooled,one_zero,0.8891903348876642,0.8861711648061796
Gemma-2-9B GSM8K,pooled,correct_incorrect,0.8716028448966135,0.8538787621873676
Gemma-2-9B GSM8K,pooled,zero_means_correct,0.8690217135320992,0.8956243229240263
Gemma-2-9B GSM8K,pooled,false_means_correct,0.8796194244265461,0.8750176628514907
Gemma-2-9B GSM8K,pooled,no_means_correct,0.8894352597616694,0.8224106259714569
Gemma-2-9B GSM8K,fitted,yes_no,0.8879845508925628,0.862955112806745
Gemma-2-9B GSM8K,fitted,true_false,0.8936555037445245,0.8737035467005793
Gemma-2-9B GSM8K,fitted,a_b,0.9013423767132966,0.8872309358956244
Gemma-2-9B GSM8K,fitted,b_a,0.9001083321558099,0.8223164240968395
Gemma-2-9B GSM8K,fitted,sentence,0.8946634638029296,
Gemma-2-9B GSM8K,fitted,negated,0.8906598841316942,0.8656869671706466
Gemma-2-9B GSM8K,fitted,one_zero,0.9075031793132682,0.8861711648061796
Gemma-2-9B GSM8K,fitted,correct_incorrect,0.8797701474259337,0.8538787621873676
Gemma-2-9B GSM8K,fitted,zero_means_correct,0.9101219914276294,0.8956243229240263
Gemma-2-9B GSM8K,fitted,false_means_correct,0.9092176534313032,0.8750176628514907
Gemma-2-9B GSM8K,fitted,no_means_correct,0.9104611181762516,0.8224106259714569
Gemma-2-9B ARC,readout,yes_no,0.8552566936870548,0.843189633996561
Gemma-2-9B ARC,readout,true_false,0.848108572832228,0.8384365020879392
Gemma-2-9B ARC,readout,a_b,0.8535863424220093,0.7965978874969296
Gemma-2-9B ARC,readout,b_a,0.8137681159420289,0.681343650208794
Gemma-2-9B ARC,readout,sentence,0.8307663964627856,
Gemma-2-9B ARC,readout,negated,0.6142716777204618,0.7267501842299189
Gemma-2-9B ARC,readout,one_zero,0.8362687300417588,0.8455047899778926
Gemma-2-9B ARC,readout,correct_incorrect,0.849213952345861,0.8278678457381478
Gemma-2-9B ARC,readout,zero_means_correct,0.8390813068042249,0.8264308523704249
Gemma-2-9B ARC,readout,false_means_correct,0.8273888479489069,0.660605502333579
Gemma-2-9B ARC,readout,no_means_correct,0.685445836403832,0.7305637435519527
Gemma-2-9B ARC,isolated,yes_no,0.8465610415131417,0.843189633996561
Gemma-2-9B ARC,isolated,true_false,0.8285679194301154,0.8384365020879392
Gemma-2-9B ARC,isolated,a_b,0.8451117661508227,0.7965978874969296
Gemma-2-9B ARC,isolated,b_a,0.8298206828788995,0.681343650208794
Gemma-2-9B ARC,isolated,sentence,0.8318717759764185,
Gemma-2-9B ARC,isolated,negated,0.8184475558830755,0.7267501842299189
Gemma-2-9B ARC,isolated,one_zero,0.8351142225497421,0.8455047899778926
Gemma-2-9B ARC,isolated,correct_incorrect,0.8418201915991157,0.8278678457381478
Gemma-2-9B ARC,isolated,zero_means_correct,0.8432940309506265,0.8264308523704249
Gemma-2-9B ARC,isolated,false_means_correct,0.8187300417587815,0.660605502333579
Gemma-2-9B ARC,isolated,no_means_correct,0.8274011299435028,0.7305637435519527
Gemma-2-9B ARC,tuned_probe,yes_no,0.8550110537951363,0.843189633996561
Gemma-2-9B ARC,tuned_probe,true_false,0.846217145664456,0.8384365020879392
Gemma-2-9B ARC,tuned_probe,a_b,0.8452468680913781,0.7965978874969296
Gemma-2-9B ARC,tuned_probe,b_a,0.8024563989191845,0.681343650208794
Gemma-2-9B ARC,tuned_probe,sentence,0.8134119380987471,
Gemma-2-9B ARC,tuned_probe,negated,0.6479120609186932,0.7267501842299189
Gemma-2-9B ARC,tuned_probe,one_zero,0.8093834438712847,0.8455047899778926
Gemma-2-9B ARC,tuned_probe,correct_incorrect,0.8461680176860721,0.8278678457381478
Gemma-2-9B ARC,tuned_probe,zero_means_correct,0.8133996561041513,0.8264308523704249
Gemma-2-9B ARC,tuned_probe,false_means_correct,0.8162245148612135,0.660605502333579
Gemma-2-9B ARC,tuned_probe,no_means_correct,0.7089412920658316,0.7305637435519527
Gemma-2-9B ARC,pooled,yes_no,0.8428150331613853,0.843189633996561
Gemma-2-9B ARC,pooled,true_false,0.8456030459346596,0.8384365020879392
Gemma-2-9B ARC,pooled,a_b,0.8447678703021371,0.7965978874969296
Gemma-2-9B ARC,pooled,b_a,0.8098992876443134,0.681343650208794
Gemma-2-9B ARC,pooled,sentence,0.7973839351510685,
Gemma-2-9B ARC,pooled,negated,0.7920167035126504,0.7267501842299189
Gemma-2-9B ARC,pooled,one_zero,0.8347089167280768,0.8455047899778926
Gemma-2-9B ARC,pooled,correct_incorrect,0.8431834929992631,0.8278678457381478
Gemma-2-9B ARC,pooled,zero_means_correct,0.8400761483664947,0.8264308523704249
Gemma-2-9B ARC,pooled,false_means_correct,0.8233480717268484,0.660605502333579
Gemma-2-9B ARC,pooled,no_means_correct,0.8251166789486613,0.7305637435519527
Gemma-2-9B ARC,fitted,yes_no,0.8552566936870548,0.843189633996561
Gemma-2-9B ARC,fitted,true_false,0.8511422254974208,0.8384365020879392
Gemma-2-9B ARC,fitted,a_b,0.8512773274379761,0.7965978874969296
Gemma-2-9B ARC,fitted,b_a,0.8077008106116434,0.681343650208794
Gemma-2-9B ARC,fitted,sentence,0.8452100221075902,
Gemma-2-9B ARC,fitted,negated,0.7984524686809137,0.7267501842299189
Gemma-2-9B ARC,fitted,one_zero,0.844313436502088,0.8455047899778926
Gemma-2-9B ARC,fitted,correct_incorrect,0.8470523212969786,0.8278678457381478
Gemma-2-9B ARC,fitted,zero_means_correct,0.8392655367231638,0.8264308523704249
Gemma-2-9B ARC,fitted,false_means_correct,0.8151805453205601,0.660605502333579
Gemma-2-9B ARC,fitted,no_means_correct,0.8182510439695407,0.7305637435519527
