cell,condition,method,auroc
Qwen2.5-32B TriviaQA,yes_no,readout,0.8216869976736104
Qwen2.5-32B TriviaQA,true_false,readout,0.8185239047043539
Qwen2.5-32B TriviaQA,a_b,readout,0.8119121771332063
Qwen2.5-32B TriviaQA,b_a,readout,0.8082643274387801
Qwen2.5-32B TriviaQA,negated,readout,0.3540052194354244
Qwen2.5-32B TriviaQA,no_means_correct,readout,0.2576648006852999
Qwen2.5-32B TriviaQA,yes_no,isolated,0.8273026497820809
Qwen2.5-32B TriviaQA,true_false,isolated,0.8144134332950399
Qwen2.5-32B TriviaQA,a_b,isolated,0.8167442498777041
Qwen2.5-32B TriviaQA,b_a,isolated,0.8148937630181529
Qwen2.5-32B TriviaQA,negated,isolated,0.8114584094224311
Qwen2.5-32B TriviaQA,no_means_correct,isolated,0.8212066679504973
Qwen2.5-32B TriviaQA,yes_no,fitted,0.8216869976736104
Qwen2.5-32B TriviaQA,true_false,fitted,0.8177093363259867
Qwen2.5-32B TriviaQA,a_b,fitted,0.8168682059352816
Qwen2.5-32B TriviaQA,b_a,fitted,0.8177469658434656
Qwen2.5-32B TriviaQA,negated,fitted,0.8192344385343967
Qwen2.5-32B TriviaQA,no_means_correct,fitted,0.8140083626068845
Qwen2.5-32B MMLU,yes_no,readout,0.7871041403761794
Qwen2.5-32B MMLU,true_false,readout,0.7866384231716844
Qwen2.5-32B MMLU,a_b,readout,0.779102818340244
Qwen2.5-32B MMLU,b_a,readout,0.7589057148007933
Qwen2.5-32B MMLU,negated,readout,0.4945496063938465
Qwen2.5-32B MMLU,no_means_correct,readout,0.4621026380626165
Qwen2.5-32B MMLU,yes_no,isolated,0.7890301063638002
Qwen2.5-32B MMLU,true_false,isolated,0.7724926386635418
Qwen2.5-32B MMLU,a_b,isolated,0.7861366504416801
Qwen2.5-32B MMLU,b_a,isolated,0.7752298539751217
Qwen2.5-32B MMLU,negated,isolated,0.7728171383931254
Qwen2.5-32B MMLU,no_means_correct,isolated,0.7695541133345353
Qwen2.5-32B MMLU,yes_no,fitted,0.7871041403761794
Qwen2.5-32B MMLU,true_false,fitted,0.7878312601406167
Qwen2.5-32B MMLU,a_b,fitted,0.7802956553091761
Qwen2.5-32B MMLU,b_a,fitted,0.7832522084009375
Qwen2.5-32B MMLU,negated,fitted,0.778676161288384
Qwen2.5-32B MMLU,no_means_correct,fitted,0.7802956553091761
