cell,end_of_candidate,after_instruction
Qwen2.5-7B GSM8K,0.99366875,1.0
Qwen2.5-7B MMLU,0.96256875,0.98741875
Qwen2.5-7B TriviaQA,0.9313375,0.99998125
Llama-3.1-8B GSM8K,0.8562625,1.0
Llama-3.1-8B MMLU,0.8540125,0.97934375
Llama-3.1-8B ARC,0.95166875,0.9967
Llama-3.1-8B TriviaQA,0.98351875,0.99991875
Mistral-7B GSM8K,0.92914375,0.996625
Mistral-7B MMLU,0.6843625,0.93090625
Mistral-7B ARC,0.8576124999999999,0.95255
Mistral-7B TriviaQA,0.8948625,0.997375
Qwen2.5-14B GSM8K,0.98623125,0.99999375
Qwen2.5-14B MMLU,0.93885,0.9989125
Qwen2.5-14B TriviaQA,0.949725,1.0
