cell,stem,response_position
Qwen2.5-7B GSM8K,0.8653702564102564,0.8298010256410256
Qwen2.5-7B MMLU,0.7400194269062652,0.7740165128703254
Qwen2.5-7B ARC,0.7109820564366018,0.7809098354552899
Qwen2.5-7B TriviaQA,0.8331643078786044,0.8452786397235046
Llama-3.1-8B GSM8K,0.9670145928762734,0.9709143701033768
Llama-3.1-8B MMLU,0.6832950367647059,0.7098460477941176
Llama-3.1-8B ARC,0.6914896087309881,0.745624830682302
Llama-3.1-8B TriviaQA,0.8104774980930587,0.8265873379099924
Mistral-7B GSM8K,0.7756645698051948,0.7882964691558442
Mistral-7B MMLU,0.71184375,0.70471875
Mistral-7B ARC,0.6940351891325554,0.7172441200910438
Mistral-7B TriviaQA,0.7854925775978407,0.7938044411728622
Qwen2.5-14B GSM8K,0.9200342811050616,0.9159810445654364
Qwen2.5-14B MMLU,0.7171115201718055,0.7563276576161988
Qwen2.5-14B ARC,0.7663146666666667,0.7904213333333333
Qwen2.5-14B TriviaQA,0.849341446923597,0.8573901284651791
