cell,pre,stem,post,post_minus_pre
Qwen2.5-7B GSM8K,0.8613105542469564,0.8794449016658625,0.8810483298805234,0.019737775633567
Qwen2.5-7B MMLU,0.7108652900688299,0.779322938614974,0.7712796741115326,0.0604143840427027
Qwen2.5-7B TriviaQA,0.697533573805116,0.8509520265155129,0.8595434853140447,0.1620099115089286
Llama-3.1-8B GSM8K,0.9415996349977188,0.9529372058575366,0.9474752967206044,0.0058756617228856
Llama-3.1-8B MMLU,0.6828723376857503,0.7282121610136754,0.7423195292178526,0.0594471915321023
Llama-3.1-8B ARC,0.706421182983683,0.7203616695804196,0.7502786276223776,0.0438574446386946
Llama-3.1-8B TriviaQA,0.7155380777331334,0.8117058233790053,0.845432925834104,0.1298948481009706
Mistral-7B GSM8K,0.7387314059385635,0.8007190878735636,0.8159577263492512,0.0772263204106877
Mistral-7B MMLU,0.6444589633501338,0.7044676746935474,0.7010590504635679,0.0566000871134341
Mistral-7B ARC,0.6777028562769907,0.7585170593731848,0.7496695877633828,0.0719667314863921
Mistral-7B TriviaQA,0.6951771873305477,0.8075420241778571,0.8183949475295844,0.1232177601990367
Qwen2.5-14B GSM8K,0.8979259672619048,0.9418829055059524,0.94248046875,0.0445545014880952
Qwen2.5-14B MMLU,0.705379736435637,0.7624880870222485,0.7669895494429657,0.0616098130073287
Qwen2.5-14B TriviaQA,0.6950170369744586,0.8679212075131649,0.8659295711188083,0.1709125341443497
