cell,pre,stem,post
Qwen2.5-7B GSM8K,0.8613105542469564,0.6981045807279594,0.6590203479297329
Qwen2.5-7B MMLU,0.7108652900688299,0.6825420236924661,0.7808084000561877
Qwen2.5-7B TriviaQA,0.697533573805116,0.7591825655836955,0.7764095908798849
Llama-3.1-8B GSM8K,0.9415996349977188,0.6009600060000375,0.4778998618741367
Llama-3.1-8B MMLU,0.6828723376857503,0.6969683312300944,0.7114386154678204
Llama-3.1-8B ARC,0.706421182983683,0.6704120532245531,0.7159391389860141
Llama-3.1-8B TriviaQA,0.7155380777331334,0.8045454427700621,0.8382269509057985
Mistral-7B GSM8K,0.7387314059385635,0.6583328526596212,0.7336977908236185
Mistral-7B MMLU,0.6444589633501338,0.7027648144691265,0.7103024080642151
Mistral-7B ARC,0.6777028562769907,0.6836348432681488,0.7421041998131171
Mistral-7B TriviaQA,0.6951771873305477,0.6056292728567935,0.7645059168766546
Qwen2.5-14B GSM8K,0.8979259672619048,0.8804679749503967,0.8110618954613095
Qwen2.5-14B MMLU,0.705379736435637,0.6928806949510884,0.7640302014525617
Qwen2.5-14B TriviaQA,0.6950170369744586,0.704312278824402,0.7325392132015432
