cell,format,slope,correct_rate_change
Llama-3.1-8B ARC,yes_no,0.5564562273507534,0.0340453938584779
Llama-3.1-8B ARC,a_b,0.2246090973702914,-0.0082089552238806
Llama-3.1-8B ARC,b_a,0.3251063907843569,0.0023112480739599
Llama-3.1-8B GSM8K,yes_no,0.431015873015873,0.0306666666666666
Llama-3.1-8B GSM8K,a_b,0.3765375302663439,0.0061016949152542
Llama-3.1-8B GSM8K,b_a,0.2391900220578694,0.0047683923705721
Llama-3.1-8B MMLU,yes_no,0.6571866485013624,0.0940054495912806
Llama-3.1-8B MMLU,a_b,0.2513593672763223,0.0060553633217993
Llama-3.1-8B MMLU,b_a,0.1607825730674679,-0.0086042065009559
Llama-3.1-8B TriviaQA,yes_no,1.4766507936507935,0.1119999999999999
Llama-3.1-8B TriviaQA,a_b,1.3216746031746032,0.0326666666666666
Llama-3.1-8B TriviaQA,b_a,0.4111984126984127,-0.024
Mistral-7B ARC,yes_no,1.5095654761904762,0.0053333333333333
Mistral-7B ARC,a_b,0.527063100459482,0.0010964912280702
Mistral-7B ARC,b_a,0.0928222753536561,0.00697350069735
Mistral-7B GSM8K,yes_no,1.5645515873015872,0.0166666666666666
Mistral-7B GSM8K,a_b,0.3660542251582714,-0.0011560693641617
Mistral-7B GSM8K,b_a,0.4086799276672695,0.0
Mistral-7B MMLU,yes_no,1.5327261904761902,0.0126666666666667
Mistral-7B MMLU,a_b,0.4189273621412448,-0.0056433408577878
Mistral-7B MMLU,b_a,0.0357957012592271,0.0060790273556231
Mistral-7B TriviaQA,yes_no,2.6204067460317457,0.0453333333333333
Mistral-7B TriviaQA,a_b,0.9066114896032929,-0.0014903129657228
Mistral-7B TriviaQA,b_a,-0.5260570444393974,-0.0310015898251192
Qwen2.5-14B GSM8K,yes_no,2.497841269841269,0.04
Qwen2.5-14B GSM8K,a_b,1.1738084376086202,0.0045620437956204
Qwen2.5-14B GSM8K,b_a,0.3353144856143357,0.0014992503748126
Qwen2.5-14B MMLU,yes_no,4.819817974423238,0.2840755735492578
Qwen2.5-14B MMLU,a_b,2.585308719669953,0.1101321585903083
Qwen2.5-14B MMLU,b_a,0.85318656475401,0.0354182366239638
Qwen2.5-14B TriviaQA,yes_no,4.947694444444444,0.1106666666666666
Qwen2.5-14B TriviaQA,a_b,2.103119112583642,0.0422919508867667
Qwen2.5-14B TriviaQA,b_a,0.6339603174603176,0.0266666666666667
Qwen2.5-7B GSM8K,yes_no,2.886785475713331,0.1142284569138276
Qwen2.5-7B GSM8K,a_b,1.6814093314093317,0.0333333333333333
Qwen2.5-7B GSM8K,b_a,0.7265187642546133,0.0544267053701016
Qwen2.5-7B MMLU,yes_no,4.1710867117117125,0.2641891891891892
Qwen2.5-7B MMLU,a_b,2.9526607239330094,0.2487844408427876
Qwen2.5-7B MMLU,b_a,1.6438796952981347,0.1970055161544522
Qwen2.5-7B TriviaQA,yes_no,3.756445760122231,0.1410427807486631
Qwen2.5-7B TriviaQA,a_b,3.4682650218861912,0.1385793871866295
Qwen2.5-7B TriviaQA,b_a,1.3125438260980429,0.105087014725569
