cell,depth,format,slope
Llama-3.1-8B ARC,0.75,yes_no,0.5566269841269841
Llama-3.1-8B ARC,0.75,a_b,0.2077619047619047
Llama-3.1-8B ARC,0.75,b_a,0.3087857142857143
Llama-3.1-8B GSM8K,0.75,yes_no,0.431015873015873
Llama-3.1-8B GSM8K,0.75,a_b,0.3724444444444444
Llama-3.1-8B GSM8K,0.75,b_a,0.2348333333333333
Llama-3.1-8B MMLU,0.75,yes_no,0.6625396825396825
Llama-3.1-8B MMLU,0.75,a_b,0.2230555555555556
Llama-3.1-8B MMLU,0.75,b_a,0.1252261904761904
Llama-3.1-8B TriviaQA,0.75,yes_no,1.4766507936507935
Llama-3.1-8B TriviaQA,0.75,a_b,1.3216746031746032
Llama-3.1-8B TriviaQA,0.75,b_a,0.4111984126984127
Mistral-7B ARC,0.75,yes_no,1.5095654761904762
Mistral-7B ARC,0.75,a_b,0.413640873015873
Mistral-7B ARC,0.75,b_a,0.0194623015873015
Mistral-7B GSM8K,0.75,yes_no,1.5645515873015872
Mistral-7B GSM8K,0.75,a_b,0.2930873015873016
Mistral-7B GSM8K,0.75,b_a,0.3586785714285714
Mistral-7B MMLU,0.75,yes_no,1.5327261904761902
Mistral-7B MMLU,0.75,a_b,0.3243690476190476
Mistral-7B MMLU,0.75,b_a,0.0286607142857142
Mistral-7B TriviaQA,0.75,yes_no,2.6204067460317457
Mistral-7B TriviaQA,0.75,a_b,0.8344384920634921
Mistral-7B TriviaQA,0.75,b_a,-0.4506507936507936
Qwen2.5-14B GSM8K,0.75,yes_no,2.497841269841269
Qwen2.5-14B GSM8K,0.75,a_b,1.1836825396825397
Qwen2.5-14B GSM8K,0.75,b_a,0.3623809523809524
Qwen2.5-14B MMLU,0.75,yes_no,4.8255912698412695
Qwen2.5-14B MMLU,0.75,a_b,2.569619047619048
Qwen2.5-14B MMLU,0.75,b_a,0.7306428571428571
Qwen2.5-14B TriviaQA,0.75,yes_no,4.947694444444444
Qwen2.5-14B TriviaQA,0.75,a_b,2.1732896825396826
Qwen2.5-14B TriviaQA,0.75,b_a,0.6339603174603176
Qwen2.5-7B GSM8K,0.75,yes_no,2.8876865079365075
Qwen2.5-7B GSM8K,0.75,a_b,1.7100873015873015
Qwen2.5-7B GSM8K,0.75,b_a,0.7453730158730159
Qwen2.5-7B MMLU,0.75,yes_no,4.1767103174603175
Qwen2.5-7B MMLU,0.75,a_b,2.9983015873015866
Qwen2.5-7B MMLU,0.75,b_a,1.5530555555555554
Qwen2.5-7B TriviaQA,0.75,yes_no,3.763126984126984
Qwen2.5-7B TriviaQA,0.75,a_b,3.511952380952381
Qwen2.5-7B TriviaQA,0.75,b_a,1.3126825396825397
