cell,yes_no_readout,yes_no_random_removed,negated_readout,negated_random_removed,negated_components_removed
Qwen2.5-7B GSM8K,0.883489892253408,0.8835012439575826,0.5062841142359831,0.5058508575266528,0.3694355365099185
Qwen2.5-7B MMLU,0.7717109144542774,0.7716884393875545,0.7283452732125297,0.7283284169124877,0.5196755162241888
Qwen2.5-7B TriviaQA,0.8564994179056052,0.8564968732306557,0.6621040644820633,0.6620595326704455,0.7576973236381217
Llama-3.1-8B GSM8K,0.9475821723885774,0.9475871724198276,0.9305220657629112,0.9305820661379134,0.7586859917874487
Llama-3.1-8B MMLU,0.7467421257307681,0.7467614411908625,0.6871796852867702,0.6872350562723737,0.6740657755801076
Llama-3.1-8B ARC,0.7540482954545454,0.7540282634032633,0.7392591783216783,0.7391681235431236,0.6805543414918415
Llama-3.1-8B TriviaQA,0.8453824094007197,0.8454072790294627,0.7310380738472538,0.7311950633786944,0.7206612212542065
Mistral-7B GSM8K,0.8160788561247445,0.8161339733770854,0.7552101825919209,0.7551845466605995,0.625462888784921
Mistral-7B MMLU,0.6992694916308879,0.6992396241677555,0.6855926824715326,0.6855951714267936,0.5866255989048597
Mistral-7B ARC,0.7507218560328643,0.7506864998190099,0.6833413305721814,0.6834305629214333,0.4589354412371308
Mistral-7B TriviaQA,0.8182817135019617,0.8182785238110426,0.6072437880769354,0.6071768045676373,0.4233947880450385
Qwen2.5-14B GSM8K,0.9423130580357142,0.9423293340773812,0.8339169456845239,0.8338030133928571,0.7423781622023811
Qwen2.5-14B MMLU,0.7659058792599165,0.7659075224292615,0.4834960070984915,0.483719478129416,0.6836291038154393
Qwen2.5-14B TriviaQA,0.8651614992537524,0.8651502351384078,0.1719960012390527,0.1719861451381262,0.8275928585508716
