cell,depth,condition,method,auroc
Qwen2.5-7B GSM8K,0.25,yes_no,readout,0.815876923076923
Qwen2.5-7B GSM8K,0.25,b_a,readout,0.8116102564102565
Qwen2.5-7B GSM8K,0.25,no_means_correct,readout,0.8085907692307692
Qwen2.5-7B GSM8K,0.25,negated,readout,0.8142769230769231
Qwen2.5-7B GSM8K,0.25,yes_no,isolated,0.8190605128205128
Qwen2.5-7B GSM8K,0.25,b_a,isolated,0.8153928205128205
Qwen2.5-7B GSM8K,0.25,no_means_correct,isolated,0.8114379487179487
Qwen2.5-7B GSM8K,0.25,negated,isolated,0.8178379487179488
Qwen2.5-7B GSM8K,0.5,yes_no,readout,0.8348553846153847
Qwen2.5-7B GSM8K,0.5,b_a,readout,0.8328041025641026
Qwen2.5-7B GSM8K,0.5,no_means_correct,readout,0.826633846153846
Qwen2.5-7B GSM8K,0.5,negated,readout,0.8346666666666668
Qwen2.5-7B GSM8K,0.5,yes_no,isolated,0.8273230769230769
Qwen2.5-7B GSM8K,0.5,b_a,isolated,0.8278974358974359
Qwen2.5-7B GSM8K,0.5,no_means_correct,isolated,0.8210133333333334
Qwen2.5-7B GSM8K,0.5,negated,isolated,0.8270276923076925
Qwen2.5-7B GSM8K,0.75,yes_no,readout,0.9000123076923078
Qwen2.5-7B GSM8K,0.75,b_a,readout,0.8891569230769232
Qwen2.5-7B GSM8K,0.75,no_means_correct,readout,0.8959671794871795
Qwen2.5-7B GSM8K,0.75,negated,readout,0.8920123076923077
Qwen2.5-7B GSM8K,0.75,yes_no,isolated,0.8993558974358974
Qwen2.5-7B GSM8K,0.75,b_a,isolated,0.8901989743589743
Qwen2.5-7B GSM8K,0.75,no_means_correct,isolated,0.8978297435897437
Qwen2.5-7B GSM8K,0.75,negated,isolated,0.8919384615384617
Qwen2.5-7B GSM8K,0.9,yes_no,readout,0.8915364102564102
Qwen2.5-7B GSM8K,0.9,b_a,readout,0.886014358974359
Qwen2.5-7B GSM8K,0.9,no_means_correct,readout,0.5455835897435898
Qwen2.5-7B GSM8K,0.9,negated,readout,0.3966523076923077
Qwen2.5-7B GSM8K,0.9,yes_no,isolated,0.8979774358974358
Qwen2.5-7B GSM8K,0.9,b_a,isolated,0.8874584615384616
Qwen2.5-7B GSM8K,0.9,no_means_correct,isolated,0.879745641025641
Qwen2.5-7B GSM8K,0.9,negated,isolated,0.8775548717948718
Qwen2.5-7B GSM8K,1.0,yes_no,readout,0.8956225641025641
Qwen2.5-7B GSM8K,1.0,b_a,readout,0.8729846153846154
Qwen2.5-7B GSM8K,1.0,no_means_correct,readout,0.5506051282051281
Qwen2.5-7B GSM8K,1.0,negated,readout,0.4782851282051282
Qwen2.5-7B GSM8K,1.0,yes_no,isolated,0.89696
Qwen2.5-7B GSM8K,1.0,b_a,isolated,0.8788841025641027
Qwen2.5-7B GSM8K,1.0,no_means_correct,isolated,0.8576820512820513
Qwen2.5-7B GSM8K,1.0,negated,isolated,0.8663138461538461
Qwen2.5-7B MMLU,0.25,yes_no,readout,0.6546321029626032
Qwen2.5-7B MMLU,0.25,b_a,readout,0.6566719281204468
Qwen2.5-7B MMLU,0.25,no_means_correct,readout,0.6588999514327344
Qwen2.5-7B MMLU,0.25,negated,readout,0.6545531811559009
Qwen2.5-7B MMLU,0.25,yes_no,isolated,0.6566415735794074
Qwen2.5-7B MMLU,0.25,b_a,isolated,0.6596284604176785
Qwen2.5-7B MMLU,0.25,no_means_correct,isolated,0.6602659057795046
Qwen2.5-7B MMLU,0.25,negated,isolated,0.6567812044681884
Qwen2.5-7B MMLU,0.5,yes_no,readout,0.6627246236036911
Qwen2.5-7B MMLU,0.5,b_a,readout,0.6617836328314717
Qwen2.5-7B MMLU,0.5,no_means_correct,readout,0.6638173870811073
Qwen2.5-7B MMLU,0.5,negated,readout,0.6639752306945119
Qwen2.5-7B MMLU,0.5,yes_no,isolated,0.6645944633317145
Qwen2.5-7B MMLU,0.5,b_a,isolated,0.6680670228266148
Qwen2.5-7B MMLU,0.5,no_means_correct,isolated,0.6682734337056824
Qwen2.5-7B MMLU,0.5,negated,isolated,0.6651104905293832
Qwen2.5-7B MMLU,0.75,yes_no,readout,0.7844099077221952
Qwen2.5-7B MMLU,0.75,b_a,readout,0.7780900922778048
Qwen2.5-7B MMLU,0.75,no_means_correct,readout,0.7885866925692084
Qwen2.5-7B MMLU,0.75,negated,readout,0.7822911607576493
Qwen2.5-7B MMLU,0.75,yes_no,isolated,0.7923081593006314
Qwen2.5-7B MMLU,0.75,b_a,isolated,0.7893152015541525
Qwen2.5-7B MMLU,0.75,no_means_correct,isolated,0.7897462360369112
Qwen2.5-7B MMLU,0.75,negated,isolated,0.7910696940262263
Qwen2.5-7B MMLU,0.9,yes_no,readout,0.7676966974259349
Qwen2.5-7B MMLU,0.9,b_a,readout,0.7673081593006313
Qwen2.5-7B MMLU,0.9,no_means_correct,readout,0.711765420106848
Qwen2.5-7B MMLU,0.9,negated,readout,0.7223166585721223
Qwen2.5-7B MMLU,0.9,yes_no,isolated,0.7807612918892667
Qwen2.5-7B MMLU,0.9,b_a,isolated,0.7780172413793103
Qwen2.5-7B MMLU,0.9,no_means_correct,isolated,0.7587603205439534
Qwen2.5-7B MMLU,0.9,negated,isolated,0.7700461389023798
Qwen2.5-7B MMLU,1.0,yes_no,readout,0.7786668285575522
Qwen2.5-7B MMLU,1.0,b_a,readout,0.7674052938319573
Qwen2.5-7B MMLU,1.0,no_means_correct,readout,0.693200582807188
Qwen2.5-7B MMLU,1.0,negated,readout,0.7330925206410879
Qwen2.5-7B MMLU,1.0,yes_no,isolated,0.7830803788246722
Qwen2.5-7B MMLU,1.0,b_a,isolated,0.7788186012627489
Qwen2.5-7B MMLU,1.0,no_means_correct,isolated,0.7559737736765421
Qwen2.5-7B MMLU,1.0,negated,isolated,0.7674235065565809
Qwen2.5-7B TriviaQA,0.25,yes_no,readout,0.6676354095713817
Qwen2.5-7B TriviaQA,0.25,b_a,readout,0.6760564090920559
Qwen2.5-7B TriviaQA,0.25,no_means_correct,readout,0.6793915083629758
Qwen2.5-7B TriviaQA,0.25,negated,readout,0.6692197078634677
Qwen2.5-7B TriviaQA,0.25,yes_no,isolated,0.6726153535659325
Qwen2.5-7B TriviaQA,0.25,b_a,isolated,0.6793208708595071
Qwen2.5-7B TriviaQA,0.25,no_means_correct,isolated,0.6839476273367138
Qwen2.5-7B TriviaQA,0.25,negated,isolated,0.6733772294962033
Qwen2.5-7B TriviaQA,0.5,yes_no,readout,0.721032316657837
Qwen2.5-7B TriviaQA,0.5,b_a,readout,0.7194581094376751
Qwen2.5-7B TriviaQA,0.5,no_means_correct,readout,0.7276116955523599
Qwen2.5-7B TriviaQA,0.5,negated,readout,0.7198112969550191
Qwen2.5-7B TriviaQA,0.5,yes_no,isolated,0.7249325159565074
Qwen2.5-7B TriviaQA,0.5,b_a,isolated,0.7211937738086227
Qwen2.5-7B TriviaQA,0.5,no_means_correct,isolated,0.729362496531194
Qwen2.5-7B TriviaQA,0.5,negated,isolated,0.7234945382073211
Qwen2.5-7B TriviaQA,0.75,yes_no,readout,0.8482201871893842
Qwen2.5-7B TriviaQA,0.75,b_a,readout,0.8417669466939126
Qwen2.5-7B TriviaQA,0.75,no_means_correct,readout,0.8481445041499533
Qwen2.5-7B TriviaQA,0.75,negated,readout,0.8513938293095183
Qwen2.5-7B TriviaQA,0.75,yes_no,isolated,0.854850021443528
Qwen2.5-7B TriviaQA,0.75,b_a,isolated,0.846802391584046
Qwen2.5-7B TriviaQA,0.75,no_means_correct,isolated,0.8505865435555892
Qwen2.5-7B TriviaQA,0.75,negated,isolated,0.8585534448396782
Qwen2.5-7B TriviaQA,0.9,yes_no,readout,0.8344963293725876
Qwen2.5-7B TriviaQA,0.9,b_a,readout,0.8339615025606095
Qwen2.5-7B TriviaQA,0.9,no_means_correct,readout,0.6112364085875022
Qwen2.5-7B TriviaQA,0.9,negated,readout,0.6870405408814552
Qwen2.5-7B TriviaQA,0.9,yes_no,isolated,0.856979237619516
Qwen2.5-7B TriviaQA,0.9,b_a,isolated,0.8432604253386817
Qwen2.5-7B TriviaQA,0.9,no_means_correct,isolated,0.844264486995131
Qwen2.5-7B TriviaQA,0.9,negated,isolated,0.8580640278513586
Qwen2.5-7B TriviaQA,1.0,yes_no,readout,0.8397235046292792
Qwen2.5-7B TriviaQA,1.0,b_a,readout,0.83452660258836
Qwen2.5-7B TriviaQA,1.0,no_means_correct,readout,0.4842049496707788
Qwen2.5-7B TriviaQA,1.0,negated,readout,0.6839627639446
Qwen2.5-7B TriviaQA,1.0,yes_no,isolated,0.8435833396402532
Qwen2.5-7B TriviaQA,1.0,b_a,isolated,0.8372663286157571
Qwen2.5-7B TriviaQA,1.0,no_means_correct,isolated,0.801049471480108
Qwen2.5-7B TriviaQA,1.0,negated,isolated,0.8346073311637529
Llama-3.1-8B GSM8K,0.25,yes_no,readout,0.8771495081474807
Llama-3.1-8B GSM8K,0.25,b_a,readout,0.866796826111987
Llama-3.1-8B GSM8K,0.25,no_means_correct,readout,0.8675377337238116
Llama-3.1-8B GSM8K,0.25,negated,readout,0.879081875297239
Llama-3.1-8B GSM8K,0.25,yes_no,isolated,0.8747816074691498
Llama-3.1-8B GSM8K,0.25,b_a,isolated,0.8640935145553303
Llama-3.1-8B GSM8K,0.25,no_means_correct,isolated,0.8649045080223274
Llama-3.1-8B GSM8K,0.25,negated,isolated,0.8753773372381166
Llama-3.1-8B GSM8K,0.5,yes_no,readout,0.9759555455432908
Llama-3.1-8B GSM8K,0.5,b_a,readout,0.9760806988560986
Llama-3.1-8B GSM8K,0.5,no_means_correct,readout,0.979905384095517
Llama-3.1-8B GSM8K,0.5,negated,readout,0.9706089960201248
Llama-3.1-8B GSM8K,0.5,yes_no,isolated,0.9763410177467398
Llama-3.1-8B GSM8K,0.5,b_a,isolated,0.97597557007334
Llama-3.1-8B GSM8K,0.5,no_means_correct,isolated,0.980576205852169
Llama-3.1-8B GSM8K,0.5,negated,isolated,0.9718304923531326
Llama-3.1-8B GSM8K,0.75,yes_no,readout,0.9677204575605116
Llama-3.1-8B GSM8K,0.75,b_a,readout,0.97212585417136
Llama-3.1-8B GSM8K,0.75,no_means_correct,readout,0.9669144702260268
Llama-3.1-8B GSM8K,0.75,negated,readout,0.9482666266176066
Llama-3.1-8B GSM8K,0.75,yes_no,isolated,0.9698981252033742
Llama-3.1-8B GSM8K,0.75,b_a,isolated,0.9724212159895872
Llama-3.1-8B GSM8K,0.75,no_means_correct,isolated,0.9701183950339166
Llama-3.1-8B GSM8K,0.75,negated,isolated,0.9683261995945032
Llama-3.1-8B GSM8K,0.9,yes_no,readout,0.9642361893319316
Llama-3.1-8B GSM8K,0.9,b_a,readout,0.9718004555580586
Llama-3.1-8B GSM8K,0.9,no_means_correct,readout,0.9487071662786912
Llama-3.1-8B GSM8K,0.9,negated,readout,0.92784160596731
Llama-3.1-8B GSM8K,0.9,yes_no,isolated,0.9703787139245575
Llama-3.1-8B GSM8K,0.9,b_a,isolated,0.9721759154964832
Llama-3.1-8B GSM8K,0.9,no_means_correct,isolated,0.9657129984230682
Llama-3.1-8B GSM8K,0.9,negated,isolated,0.9679006783309554
Llama-3.1-8B GSM8K,1.0,yes_no,readout,0.9661034767590296
Llama-3.1-8B GSM8K,1.0,b_a,readout,0.9723561362669269
Llama-3.1-8B GSM8K,1.0,no_means_correct,readout,0.9621836750018772
Llama-3.1-8B GSM8K,1.0,negated,readout,0.9438662361392705
Llama-3.1-8B GSM8K,1.0,yes_no,isolated,0.9713198668368752
Llama-3.1-8B GSM8K,1.0,b_a,isolated,0.9723210933393408
Llama-3.1-8B GSM8K,1.0,no_means_correct,isolated,0.9713749342945108
Llama-3.1-8B GSM8K,1.0,negated,isolated,0.965357563014693
Llama-3.1-8B MMLU,0.25,yes_no,readout,0.6259880514705882
Llama-3.1-8B MMLU,0.25,b_a,readout,0.6259995404411764
Llama-3.1-8B MMLU,0.25,no_means_correct,readout,0.6249942555147058
Llama-3.1-8B MMLU,0.25,negated,readout,0.6264131433823529
Llama-3.1-8B MMLU,0.25,yes_no,isolated,0.6228285845588235
Llama-3.1-8B MMLU,0.25,b_a,isolated,0.6235868566176471
Llama-3.1-8B MMLU,0.25,no_means_correct,isolated,0.6232421875
Llama-3.1-8B MMLU,0.25,negated,isolated,0.6236902573529413
Llama-3.1-8B MMLU,0.5,yes_no,readout,0.7264188878676471
Llama-3.1-8B MMLU,0.5,b_a,readout,0.7145220588235295
Llama-3.1-8B MMLU,0.5,no_means_correct,readout,0.7215245863970589
Llama-3.1-8B MMLU,0.5,negated,readout,0.7166417738970587
Llama-3.1-8B MMLU,0.5,yes_no,isolated,0.7265912224264706
Llama-3.1-8B MMLU,0.5,b_a,isolated,0.7298426011029411
Llama-3.1-8B MMLU,0.5,no_means_correct,isolated,0.7302849264705882
Llama-3.1-8B MMLU,0.5,negated,isolated,0.7225068933823529
Llama-3.1-8B MMLU,0.75,yes_no,readout,0.7197667738970587
Llama-3.1-8B MMLU,0.75,b_a,readout,0.690280330882353
Llama-3.1-8B MMLU,0.75,no_means_correct,readout,0.6956112132352941
Llama-3.1-8B MMLU,0.75,negated,readout,0.6462258731617647
Llama-3.1-8B MMLU,0.75,yes_no,isolated,0.7239142922794117
Llama-3.1-8B MMLU,0.75,b_a,isolated,0.7010627297794118
Llama-3.1-8B MMLU,0.75,no_means_correct,isolated,0.7128044577205882
Llama-3.1-8B MMLU,0.75,negated,isolated,0.7119140625
Llama-3.1-8B MMLU,0.9,yes_no,readout,0.71376953125
Llama-3.1-8B MMLU,0.9,b_a,readout,0.6812844669117647
Llama-3.1-8B MMLU,0.9,no_means_correct,readout,0.6752470128676471
Llama-3.1-8B MMLU,0.9,negated,readout,0.6301413143382353
Llama-3.1-8B MMLU,0.9,yes_no,isolated,0.7153664981617648
Llama-3.1-8B MMLU,0.9,b_a,isolated,0.6898724724264705
Llama-3.1-8B MMLU,0.9,no_means_correct,isolated,0.7003446691176471
Llama-3.1-8B MMLU,0.9,negated,isolated,0.7004365808823529
Llama-3.1-8B MMLU,1.0,yes_no,readout,0.7185948988970589
Llama-3.1-8B MMLU,1.0,b_a,readout,0.6875057444852941
Llama-3.1-8B MMLU,1.0,no_means_correct,readout,0.6870404411764707
Llama-3.1-8B MMLU,1.0,negated,readout,0.6640854779411764
Llama-3.1-8B MMLU,1.0,yes_no,isolated,0.7141199448529413
Llama-3.1-8B MMLU,1.0,b_a,isolated,0.6920840992647058
Llama-3.1-8B MMLU,1.0,no_means_correct,isolated,0.6941808363970589
Llama-3.1-8B MMLU,1.0,negated,isolated,0.7027745863970589
Llama-3.1-8B ARC,0.25,yes_no,readout,0.5764464569062271
Llama-3.1-8B ARC,0.25,b_a,readout,0.5779712837184101
Llama-3.1-8B ARC,0.25,no_means_correct,readout,0.5764309764309765
Llama-3.1-8B ARC,0.25,negated,readout,0.5781260884709161
Llama-3.1-8B ARC,0.25,yes_no,isolated,0.5827470103332172
Llama-3.1-8B ARC,0.25,b_a,isolated,0.5843802004721546
Llama-3.1-8B ARC,0.25,no_means_correct,isolated,0.5813615077982893
Llama-3.1-8B ARC,0.25,negated,isolated,0.5849065366306745
Llama-3.1-8B ARC,0.5,yes_no,readout,0.7512906846240179
Llama-3.1-8B ARC,0.5,b_a,readout,0.7374666202252409
Llama-3.1-8B ARC,0.5,no_means_correct,readout,0.7323658036301715
Llama-3.1-8B ARC,0.5,negated,readout,0.7524362397925616
Llama-3.1-8B ARC,0.5,yes_no,isolated,0.7564689035953404
Llama-3.1-8B ARC,0.5,b_a,isolated,0.7529006540500793
Llama-3.1-8B ARC,0.5,no_means_correct,isolated,0.740276326483223
Llama-3.1-8B ARC,0.5,negated,isolated,0.7558961260110686
Llama-3.1-8B ARC,0.75,yes_no,readout,0.7401370022059678
Llama-3.1-8B ARC,0.75,b_a,readout,0.7242617748364875
Llama-3.1-8B ARC,0.75,no_means_correct,readout,0.7263051975695654
Llama-3.1-8B ARC,0.75,negated,readout,0.7105460737644645
Llama-3.1-8B ARC,0.75,yes_no,isolated,0.7535508340106042
Llama-3.1-8B ARC,0.75,b_a,isolated,0.7250822400247687
Llama-3.1-8B ARC,0.75,no_means_correct,isolated,0.729339370718681
Llama-3.1-8B ARC,0.75,negated,isolated,0.7562521769418321
Llama-3.1-8B ARC,0.9,yes_no,readout,0.7328611788381902
Llama-3.1-8B ARC,0.9,b_a,readout,0.717535508340106
Llama-3.1-8B ARC,0.9,no_means_correct,readout,0.7069313827934518
Llama-3.1-8B ARC,0.9,negated,readout,0.6944154185533497
Llama-3.1-8B ARC,0.9,yes_no,isolated,0.7448043654940207
Llama-3.1-8B ARC,0.9,b_a,isolated,0.717194937884593
Llama-3.1-8B ARC,0.9,no_means_correct,isolated,0.7207244862417277
Llama-3.1-8B ARC,0.9,negated,isolated,0.7466001006230891
Llama-3.1-8B ARC,1.0,yes_no,readout,0.7373272959479856
Llama-3.1-8B ARC,1.0,b_a,readout,0.7137118309532102
Llama-3.1-8B ARC,1.0,no_means_correct,readout,0.7060412554665427
Llama-3.1-8B ARC,1.0,negated,readout,0.7176206509539844
Llama-3.1-8B ARC,1.0,yes_no,isolated,0.7468323077518481
Llama-3.1-8B ARC,1.0,b_a,isolated,0.7289988002631681
Llama-3.1-8B ARC,1.0,no_means_correct,isolated,0.7108479430318511
Llama-3.1-8B ARC,1.0,negated,isolated,0.732435465768799
Llama-3.1-8B TriviaQA,0.25,yes_no,readout,0.6877498093058734
Llama-3.1-8B TriviaQA,0.25,b_a,readout,0.6940106788710907
Llama-3.1-8B TriviaQA,0.25,no_means_correct,readout,0.6969519450800916
Llama-3.1-8B TriviaQA,0.25,negated,readout,0.6897452326468345
Llama-3.1-8B TriviaQA,0.25,yes_no,isolated,0.698745995423341
Llama-3.1-8B TriviaQA,0.25,b_a,isolated,0.6980381388253242
Llama-3.1-8B TriviaQA,0.25,no_means_correct,isolated,0.6971167048054919
Llama-3.1-8B TriviaQA,0.25,negated,isolated,0.6998504958047291
Llama-3.1-8B TriviaQA,0.5,yes_no,readout,0.8419282990083905
Llama-3.1-8B TriviaQA,0.5,b_a,readout,0.8439542334096111
Llama-3.1-8B TriviaQA,0.5,no_means_correct,readout,0.8432341723874904
Llama-3.1-8B TriviaQA,0.5,negated,readout,0.8457482837528604
Llama-3.1-8B TriviaQA,0.5,yes_no,isolated,0.847212814645309
Llama-3.1-8B TriviaQA,0.5,b_a,isolated,0.8445522501906939
Llama-3.1-8B TriviaQA,0.5,no_means_correct,isolated,0.8467246376811592
Llama-3.1-8B TriviaQA,0.5,negated,isolated,0.8464195270785659
Llama-3.1-8B TriviaQA,0.75,yes_no,readout,0.8405736079328756
Llama-3.1-8B TriviaQA,0.75,b_a,readout,0.8455163996948893
Llama-3.1-8B TriviaQA,0.75,no_means_correct,readout,0.7517315026697178
Llama-3.1-8B TriviaQA,0.75,negated,readout,0.6829229595728451
Llama-3.1-8B TriviaQA,0.75,yes_no,isolated,0.8509107551487414
Llama-3.1-8B TriviaQA,0.75,b_a,isolated,0.8448146453089244
Llama-3.1-8B TriviaQA,0.75,no_means_correct,isolated,0.8403417238749047
Llama-3.1-8B TriviaQA,0.75,negated,isolated,0.8478413424866513
Llama-3.1-8B TriviaQA,0.9,yes_no,readout,0.8397559115179252
Llama-3.1-8B TriviaQA,0.9,b_a,readout,0.8456201372997713
Llama-3.1-8B TriviaQA,0.9,no_means_correct,readout,0.6190816170861938
Llama-3.1-8B TriviaQA,0.9,negated,readout,0.6075911517925248
Llama-3.1-8B TriviaQA,0.9,yes_no,isolated,0.8511548436308161
Llama-3.1-8B TriviaQA,0.9,b_a,isolated,0.8458947368421054
Llama-3.1-8B TriviaQA,0.9,no_means_correct,isolated,0.8403051106025934
Llama-3.1-8B TriviaQA,0.9,negated,isolated,0.8477681159420289
Llama-3.1-8B TriviaQA,1.0,yes_no,readout,0.842086956521739
Llama-3.1-8B TriviaQA,1.0,b_a,readout,0.8449427917620136
Llama-3.1-8B TriviaQA,1.0,no_means_correct,readout,0.7321983218916858
Llama-3.1-8B TriviaQA,1.0,negated,readout,0.726462242562929
Llama-3.1-8B TriviaQA,1.0,yes_no,isolated,0.8511304347826087
Llama-3.1-8B TriviaQA,1.0,b_a,isolated,0.8463890160183066
Llama-3.1-8B TriviaQA,1.0,no_means_correct,isolated,0.8348314263920671
Llama-3.1-8B TriviaQA,1.0,negated,isolated,0.84055530129672
Mistral-7B GSM8K,0.25,yes_no,readout,0.8005986201298703
Mistral-7B GSM8K,0.25,b_a,readout,0.8018973214285714
Mistral-7B GSM8K,0.25,no_means_correct,readout,0.7986962256493506
Mistral-7B GSM8K,0.25,negated,readout,0.8001116071428571
Mistral-7B GSM8K,0.25,yes_no,isolated,0.7980316558441558
Mistral-7B GSM8K,0.25,b_a,isolated,0.7931361607142857
Mistral-7B GSM8K,0.25,no_means_correct,isolated,0.7925020292207792
Mistral-7B GSM8K,0.25,negated,isolated,0.797265625
Mistral-7B GSM8K,0.5,yes_no,readout,0.8294490665584415
Mistral-7B GSM8K,0.5,b_a,readout,0.8292309253246755
Mistral-7B GSM8K,0.5,no_means_correct,readout,0.8189275568181819
Mistral-7B GSM8K,0.5,negated,readout,0.824294845779221
Mistral-7B GSM8K,0.5,yes_no,isolated,0.835541801948052
Mistral-7B GSM8K,0.5,b_a,isolated,0.8334009740259741
Mistral-7B GSM8K,0.5,no_means_correct,isolated,0.8236759334415584
Mistral-7B GSM8K,0.5,negated,isolated,0.8307984983766235
Mistral-7B GSM8K,0.75,yes_no,readout,0.8304433847402597
Mistral-7B GSM8K,0.75,b_a,readout,0.8218445616883118
Mistral-7B GSM8K,0.75,no_means_correct,readout,0.7817573051948052
Mistral-7B GSM8K,0.75,negated,readout,0.769632711038961
Mistral-7B GSM8K,0.75,yes_no,isolated,0.8350852272727274
Mistral-7B GSM8K,0.75,b_a,isolated,0.8326856737012986
Mistral-7B GSM8K,0.75,no_means_correct,isolated,0.8157315340909091
Mistral-7B GSM8K,0.75,negated,isolated,0.8304078733766234
Mistral-7B GSM8K,0.9,yes_no,readout,0.8268262987012986
Mistral-7B GSM8K,0.9,b_a,readout,0.8086596996753247
Mistral-7B GSM8K,0.9,no_means_correct,readout,0.7568739853896103
Mistral-7B GSM8K,0.9,negated,readout,0.7401532061688312
Mistral-7B GSM8K,0.9,yes_no,isolated,0.8342278814935066
Mistral-7B GSM8K,0.9,b_a,isolated,0.8270292207792208
Mistral-7B GSM8K,0.9,no_means_correct,isolated,0.8058238636363637
Mistral-7B GSM8K,0.9,negated,isolated,0.822661323051948
Mistral-7B GSM8K,1.0,yes_no,readout,0.8263950892857144
Mistral-7B GSM8K,1.0,b_a,readout,0.8119419642857142
Mistral-7B GSM8K,1.0,no_means_correct,readout,0.7381899350649352
Mistral-7B GSM8K,1.0,negated,readout,0.7443029626623378
Mistral-7B GSM8K,1.0,yes_no,isolated,0.8348569399350648
Mistral-7B GSM8K,1.0,b_a,isolated,0.8231331168831169
Mistral-7B GSM8K,1.0,no_means_correct,isolated,0.7924005681818181
Mistral-7B GSM8K,1.0,negated,isolated,0.8167258522727273
Mistral-7B MMLU,0.25,yes_no,readout,0.6917291666666666
Mistral-7B MMLU,0.25,b_a,readout,0.6875052083333334
Mistral-7B MMLU,0.25,no_means_correct,readout,0.687390625
Mistral-7B MMLU,0.25,negated,readout,0.6911197916666666
Mistral-7B MMLU,0.25,yes_no,isolated,0.6962291666666667
Mistral-7B MMLU,0.25,b_a,isolated,0.6904635416666667
Mistral-7B MMLU,0.25,no_means_correct,isolated,0.6884166666666666
Mistral-7B MMLU,0.25,negated,isolated,0.6956510416666667
Mistral-7B MMLU,0.5,yes_no,readout,0.7508697916666667
Mistral-7B MMLU,0.5,b_a,readout,0.7275625
Mistral-7B MMLU,0.5,no_means_correct,readout,0.746609375
Mistral-7B MMLU,0.5,negated,readout,0.751109375
Mistral-7B MMLU,0.5,yes_no,isolated,0.753640625
Mistral-7B MMLU,0.5,b_a,isolated,0.7572604166666667
Mistral-7B MMLU,0.5,no_means_correct,isolated,0.74925
Mistral-7B MMLU,0.5,negated,isolated,0.7524791666666667
Mistral-7B MMLU,0.75,yes_no,readout,0.7260052083333333
Mistral-7B MMLU,0.75,b_a,readout,0.6677760416666667
Mistral-7B MMLU,0.75,no_means_correct,readout,0.7298489583333334
Mistral-7B MMLU,0.75,negated,readout,0.7113072916666666
Mistral-7B MMLU,0.75,yes_no,isolated,0.7430833333333333
Mistral-7B MMLU,0.75,b_a,isolated,0.7305052083333333
Mistral-7B MMLU,0.75,no_means_correct,isolated,0.74159375
Mistral-7B MMLU,0.75,negated,isolated,0.7463333333333334
Mistral-7B MMLU,0.9,yes_no,readout,0.7232291666666667
Mistral-7B MMLU,0.9,b_a,readout,0.6633854166666666
Mistral-7B MMLU,0.9,no_means_correct,readout,0.7113177083333333
Mistral-7B MMLU,0.9,negated,readout,0.7051614583333333
Mistral-7B MMLU,0.9,yes_no,isolated,0.7379791666666666
Mistral-7B MMLU,0.9,b_a,isolated,0.7095364583333332
Mistral-7B MMLU,0.9,no_means_correct,isolated,0.7303802083333333
Mistral-7B MMLU,0.9,negated,isolated,0.7354479166666668
Mistral-7B MMLU,1.0,yes_no,readout,0.7205104166666667
Mistral-7B MMLU,1.0,b_a,readout,0.6549270833333333
Mistral-7B MMLU,1.0,no_means_correct,readout,0.7061666666666666
Mistral-7B MMLU,1.0,negated,readout,0.7048802083333334
Mistral-7B MMLU,1.0,yes_no,isolated,0.7322135416666666
Mistral-7B MMLU,1.0,b_a,isolated,0.6927343749999999
Mistral-7B MMLU,1.0,no_means_correct,isolated,0.7204166666666666
Mistral-7B MMLU,1.0,negated,isolated,0.7366354166666667
Mistral-7B ARC,0.25,yes_no,readout,0.5328660717511471
Mistral-7B ARC,0.25,b_a,readout,0.5320351168756097
Mistral-7B ARC,0.25,no_means_correct,readout,0.5412262003685104
Mistral-7B ARC,0.25,negated,readout,0.5332129050905018
Mistral-7B ARC,0.25,yes_no,isolated,0.539730481592543
Mistral-7B ARC,0.25,b_a,isolated,0.5361971169478666
Mistral-7B ARC,0.25,no_means_correct,isolated,0.5450919469634019
Mistral-7B ARC,0.25,negated,isolated,0.5403013114635644
Mistral-7B ARC,0.5,yes_no,readout,0.7146789985187326
Mistral-7B ARC,0.5,b_a,readout,0.6952707829040067
Mistral-7B ARC,0.5,no_means_correct,readout,0.6815058347483652
Mistral-7B ARC,0.5,negated,readout,0.6854221612052458
Mistral-7B ARC,0.5,yes_no,isolated,0.7061671303154016
Mistral-7B ARC,0.5,b_a,isolated,0.6907980779652444
Mistral-7B ARC,0.5,no_means_correct,isolated,0.6709274178980454
Mistral-7B ARC,0.5,negated,isolated,0.6794392861013765
Mistral-7B ARC,0.75,yes_no,readout,0.7278080855522238
Mistral-7B ARC,0.75,b_a,readout,0.6497994869756856
Mistral-7B ARC,0.75,no_means_correct,readout,0.6968026301528234
Mistral-7B ARC,0.75,negated,readout,0.6490985946024062
Mistral-7B ARC,0.75,yes_no,isolated,0.7187831930344304
Mistral-7B ARC,0.75,b_a,isolated,0.6921565085443838
Mistral-7B ARC,0.75,no_means_correct,isolated,0.6770114527258932
Mistral-7B ARC,0.75,negated,isolated,0.6861230535785252
Mistral-7B ARC,0.9,yes_no,readout,0.7284439466743742
Mistral-7B ARC,0.9,b_a,readout,0.6469164348422993
Mistral-7B ARC,0.9,no_means_correct,readout,0.691946963401857
Mistral-7B ARC,0.9,negated,readout,0.6498934210050942
Mistral-7B ARC,0.9,yes_no,isolated,0.7182990714982479
Mistral-7B ARC,0.9,b_a,isolated,0.7005094114671773
Mistral-7B ARC,0.9,no_means_correct,isolated,0.6873514216554066
Mistral-7B ARC,0.9,negated,isolated,0.694656598865566
Mistral-7B ARC,1.0,yes_no,readout,0.7301708876765779
Mistral-7B ARC,1.0,b_a,readout,0.648708407095632
Mistral-7B ARC,1.0,no_means_correct,readout,0.685544998012934
Mistral-7B ARC,1.0,negated,readout,0.6461505112178909
Mistral-7B ARC,1.0,yes_no,isolated,0.716044654792442
Mistral-7B ARC,1.0,b_a,isolated,0.6945626648361575
Mistral-7B ARC,1.0,no_means_correct,isolated,0.6784204631670219
Mistral-7B ARC,1.0,negated,isolated,0.6871491022074496
Mistral-7B TriviaQA,0.25,yes_no,readout,0.6415777205250889
Mistral-7B TriviaQA,0.25,b_a,readout,0.641510244141823
Mistral-7B TriviaQA,0.25,no_means_correct,readout,0.640449024659551
Mistral-7B TriviaQA,0.25,negated,readout,0.641117654275549
Mistral-7B TriviaQA,0.25,yes_no,isolated,0.6405471721261196
Mistral-7B TriviaQA,0.25,b_a,isolated,0.6377315666789352
Mistral-7B TriviaQA,0.25,no_means_correct,isolated,0.6371733529628267
Mistral-7B TriviaQA,0.25,negated,isolated,0.6403754140596246
Mistral-7B TriviaQA,0.5,yes_no,readout,0.8130352104036316
Mistral-7B TriviaQA,0.5,b_a,readout,0.8099742362900259
Mistral-7B TriviaQA,0.5,no_means_correct,readout,0.805287694761379
Mistral-7B TriviaQA,0.5,negated,readout,0.8128389154704945
Mistral-7B TriviaQA,0.5,yes_no,isolated,0.813801987486198
Mistral-7B TriviaQA,0.5,b_a,isolated,0.8112562875720771
Mistral-7B TriviaQA,0.5,no_means_correct,isolated,0.8051282051282052
Mistral-7B TriviaQA,0.5,negated,isolated,0.813973745552693
Mistral-7B TriviaQA,0.75,yes_no,readout,0.8086983192246351
Mistral-7B TriviaQA,0.75,b_a,readout,0.7953686664212981
Mistral-7B TriviaQA,0.75,no_means_correct,readout,0.7672064777327935
Mistral-7B TriviaQA,0.75,negated,readout,0.682327321801006
Mistral-7B TriviaQA,0.75,yes_no,isolated,0.8077168445589498
Mistral-7B TriviaQA,0.75,b_a,isolated,0.80092013249908
Mistral-7B TriviaQA,0.75,no_means_correct,isolated,0.7946754999386579
Mistral-7B TriviaQA,0.75,negated,isolated,0.80357011409643
Mistral-7B TriviaQA,0.9,yes_no,readout,0.8123543123543124
Mistral-7B TriviaQA,0.9,b_a,readout,0.7914734388418598
Mistral-7B TriviaQA,0.9,no_means_correct,readout,0.7273831431726169
Mistral-7B TriviaQA,0.9,negated,readout,0.646761133603239
Mistral-7B TriviaQA,0.9,yes_no,isolated,0.8083548030916452
Mistral-7B TriviaQA,0.9,b_a,isolated,0.799171880750828
Mistral-7B TriviaQA,0.9,no_means_correct,isolated,0.7896393080603606
Mistral-7B TriviaQA,0.9,negated,isolated,0.7999263894000735
Mistral-7B TriviaQA,1.0,yes_no,readout,0.8145319592688015
Mistral-7B TriviaQA,1.0,b_a,readout,0.7920439209912894
Mistral-7B TriviaQA,1.0,no_means_correct,readout,0.6837136547662863
Mistral-7B TriviaQA,1.0,negated,readout,0.622500306710833
Mistral-7B TriviaQA,1.0,yes_no,isolated,0.8081707765918292
Mistral-7B TriviaQA,1.0,b_a,isolated,0.7968408784198259
Mistral-7B TriviaQA,1.0,no_means_correct,isolated,0.7881057538952276
Mistral-7B TriviaQA,1.0,negated,isolated,0.7939209912894123
Qwen2.5-14B GSM8K,0.25,yes_no,readout,0.9075720911474086
Qwen2.5-14B GSM8K,0.25,b_a,readout,0.9084392014519056
Qwen2.5-14B GSM8K,0.25,no_means_correct,readout,0.90879209518048
Qwen2.5-14B GSM8K,0.25,negated,readout,0.9074006856221012
Qwen2.5-14B GSM8K,0.25,yes_no,isolated,0.917775761242186
Qwen2.5-14B GSM8K,0.25,b_a,isolated,0.9170195603952408
Qwen2.5-14B GSM8K,0.25,no_means_correct,isolated,0.918350473885864
Qwen2.5-14B GSM8K,0.25,negated,isolated,0.9177555958862674
Qwen2.5-14B GSM8K,0.5,yes_no,readout,0.9265376083887882
Qwen2.5-14B GSM8K,0.5,b_a,readout,0.9217080056462996
Qwen2.5-14B GSM8K,0.5,no_means_correct,readout,0.9256906634402096
Qwen2.5-14B GSM8K,0.5,negated,readout,0.9262552934059286
Qwen2.5-14B GSM8K,0.5,yes_no,isolated,0.9305202661826982
Qwen2.5-14B GSM8K,0.5,b_a,isolated,0.9248941318814276
Qwen2.5-14B GSM8K,0.5,no_means_correct,isolated,0.9273442226255292
Qwen2.5-14B GSM8K,0.5,negated,isolated,0.9306513409961684
Qwen2.5-14B GSM8K,0.75,yes_no,readout,0.942800967937084
Qwen2.5-14B GSM8K,0.75,b_a,readout,0.935591853196209
Qwen2.5-14B GSM8K,0.75,no_means_correct,readout,0.9096087920951804
Qwen2.5-14B GSM8K,0.75,negated,readout,0.9275458761847148
Qwen2.5-14B GSM8K,0.75,yes_no,isolated,0.9446259326477112
Qwen2.5-14B GSM8K,0.75,b_a,isolated,0.9375983061101028
Qwen2.5-14B GSM8K,0.75,no_means_correct,isolated,0.9231296632385562
Qwen2.5-14B GSM8K,0.75,negated,isolated,0.9412986489211532
Qwen2.5-14B GSM8K,0.9,yes_no,readout,0.9382637628554144
Qwen2.5-14B GSM8K,0.9,b_a,readout,0.9366807824158097
Qwen2.5-14B GSM8K,0.9,no_means_correct,readout,0.7790683605565637
Qwen2.5-14B GSM8K,0.9,negated,readout,0.8166162532768704
Qwen2.5-14B GSM8K,0.9,yes_no,isolated,0.943597499495866
Qwen2.5-14B GSM8K,0.9,b_a,isolated,0.9371345029239766
Qwen2.5-14B GSM8K,0.9,no_means_correct,isolated,0.9340592861464004
Qwen2.5-14B GSM8K,0.9,negated,isolated,0.9418027828191168
Qwen2.5-14B GSM8K,1.0,yes_no,readout,0.9366606170598912
Qwen2.5-14B GSM8K,1.0,b_a,readout,0.9382435974994958
Qwen2.5-14B GSM8K,1.0,no_means_correct,readout,0.7275862068965517
Qwen2.5-14B GSM8K,1.0,negated,readout,0.8177152651744304
Qwen2.5-14B GSM8K,1.0,yes_no,isolated,0.9449082476305708
Qwen2.5-14B GSM8K,1.0,b_a,isolated,0.9385864085501108
Qwen2.5-14B GSM8K,1.0,no_means_correct,isolated,0.9281306715063522
Qwen2.5-14B GSM8K,1.0,negated,isolated,0.939493849566445
Qwen2.5-14B MMLU,0.25,yes_no,readout,0.6585442552538733
Qwen2.5-14B MMLU,0.25,b_a,readout,0.6612440558367848
Qwen2.5-14B MMLU,0.25,no_means_correct,readout,0.6595183310323669
Qwen2.5-14B MMLU,0.25,negated,readout,0.6587743518944623
Qwen2.5-14B MMLU,0.25,yes_no,isolated,0.6564657156005522
Qwen2.5-14B MMLU,0.25,b_a,isolated,0.6586593035741678
Qwen2.5-14B MMLU,0.25,no_means_correct,isolated,0.6599325049854273
Qwen2.5-14B MMLU,0.25,negated,isolated,0.6572173646264764
Qwen2.5-14B MMLU,0.5,yes_no,readout,0.6621567725111214
Qwen2.5-14B MMLU,0.5,b_a,readout,0.663130848289615
Qwen2.5-14B MMLU,0.5,no_means_correct,readout,0.6644807485810706
Qwen2.5-14B MMLU,0.5,negated,readout,0.6600859027458199
Qwen2.5-14B MMLU,0.5,yes_no,isolated,0.6633762847062432
Qwen2.5-14B MMLU,0.5,b_a,isolated,0.6655545329038195
Qwen2.5-14B MMLU,0.5,no_means_correct,isolated,0.6636677404509894
Qwen2.5-14B MMLU,0.5,negated,isolated,0.6615661911336095
Qwen2.5-14B MMLU,0.75,yes_no,readout,0.7532443626323054
Qwen2.5-14B MMLU,0.75,b_a,readout,0.7342920693357876
Qwen2.5-14B MMLU,0.75,no_means_correct,readout,0.5676023930050621
Qwen2.5-14B MMLU,0.75,negated,readout,0.6654088050314466
Qwen2.5-14B MMLU,0.75,yes_no,isolated,0.7620647338548856
Qwen2.5-14B MMLU,0.75,b_a,isolated,0.7481438870992484
Qwen2.5-14B MMLU,0.75,no_means_correct,isolated,0.7284015953367081
Qwen2.5-14B MMLU,0.75,negated,isolated,0.751112133762847
Qwen2.5-14B MMLU,0.9,yes_no,readout,0.743380886639055
Qwen2.5-14B MMLU,0.9,b_a,readout,0.7278647031753336
Qwen2.5-14B MMLU,0.9,no_means_correct,readout,0.4180549163982207
Qwen2.5-14B MMLU,0.9,negated,readout,0.4384951679705476
Qwen2.5-14B MMLU,0.9,yes_no,isolated,0.751932811780948
Qwen2.5-14B MMLU,0.9,b_a,isolated,0.7362555606688141
Qwen2.5-14B MMLU,0.9,no_means_correct,isolated,0.6965868998312624
Qwen2.5-14B MMLU,0.9,negated,isolated,0.7388863322595489
Qwen2.5-14B MMLU,1.0,yes_no,readout,0.7431968093265838
Qwen2.5-14B MMLU,1.0,b_a,readout,0.7172265684921
Qwen2.5-14B MMLU,1.0,no_means_correct,readout,0.4317456665132688
Qwen2.5-14B MMLU,1.0,negated,readout,0.4414404049700874
Qwen2.5-14B MMLU,1.0,yes_no,isolated,0.7425525387329346
Qwen2.5-14B MMLU,1.0,b_a,isolated,0.7256174259855805
Qwen2.5-14B MMLU,1.0,no_means_correct,isolated,0.6507593189139439
Qwen2.5-14B MMLU,1.0,negated,isolated,0.7119036662064734
Qwen2.5-14B TriviaQA,0.25,yes_no,readout,0.6490493576741041
Qwen2.5-14B TriviaQA,0.25,b_a,readout,0.6474807302231238
Qwen2.5-14B TriviaQA,0.25,no_means_correct,readout,0.655945909398242
Qwen2.5-14B TriviaQA,0.25,negated,readout,0.6498336713995944
Qwen2.5-14B TriviaQA,0.25,yes_no,isolated,0.6485841784989859
Qwen2.5-14B TriviaQA,0.25,b_a,isolated,0.6467450980392158
Qwen2.5-14B TriviaQA,0.25,no_means_correct,isolated,0.6558323191345503
Qwen2.5-14B TriviaQA,0.25,negated,isolated,0.6485192697768762
Qwen2.5-14B TriviaQA,0.5,yes_no,readout,0.7983718728870859
Qwen2.5-14B TriviaQA,0.5,b_a,readout,0.7843029073698445
Qwen2.5-14B TriviaQA,0.5,no_means_correct,readout,0.793844489519946
Qwen2.5-14B TriviaQA,0.5,negated,readout,0.7968789722785666
Qwen2.5-14B TriviaQA,0.5,yes_no,isolated,0.8034347532116295
Qwen2.5-14B TriviaQA,0.5,b_a,isolated,0.7910047329276538
Qwen2.5-14B TriviaQA,0.5,no_means_correct,isolated,0.7976091954022989
Qwen2.5-14B TriviaQA,0.5,negated,isolated,0.8015145368492226
Qwen2.5-14B TriviaQA,0.75,yes_no,readout,0.8638215010141987
Qwen2.5-14B TriviaQA,0.75,b_a,readout,0.8563029073698445
Qwen2.5-14B TriviaQA,0.75,no_means_correct,readout,0.4596997971602434
Qwen2.5-14B TriviaQA,0.75,negated,readout,0.6716646382691007
Qwen2.5-14B TriviaQA,0.75,yes_no,isolated,0.873076402974983
Qwen2.5-14B TriviaQA,0.75,b_a,isolated,0.8664070317782284
Qwen2.5-14B TriviaQA,0.75,no_means_correct,isolated,0.8380148749154834
Qwen2.5-14B TriviaQA,0.75,negated,isolated,0.8658769438810007
Qwen2.5-14B TriviaQA,0.9,yes_no,readout,0.8582447599729546
Qwen2.5-14B TriviaQA,0.9,b_a,readout,0.8434780256930358
Qwen2.5-14B TriviaQA,0.9,no_means_correct,readout,0.1671778228532792
Qwen2.5-14B TriviaQA,0.9,negated,readout,0.1875807978363759
Qwen2.5-14B TriviaQA,0.9,yes_no,isolated,0.8728654496281271
Qwen2.5-14B TriviaQA,0.9,b_a,isolated,0.8628316430020282
Qwen2.5-14B TriviaQA,0.9,no_means_correct,isolated,0.8335037187288709
Qwen2.5-14B TriviaQA,0.9,negated,isolated,0.8560486815415821
Qwen2.5-14B TriviaQA,1.0,yes_no,readout,0.8588127112914131
Qwen2.5-14B TriviaQA,1.0,b_a,readout,0.8384638269100744
Qwen2.5-14B TriviaQA,1.0,no_means_correct,readout,0.1679837728194726
Qwen2.5-14B TriviaQA,1.0,negated,readout,0.1741122379986477
Qwen2.5-14B TriviaQA,1.0,yes_no,isolated,0.8713833671399595
Qwen2.5-14B TriviaQA,1.0,b_a,isolated,0.860235294117647
Qwen2.5-14B TriviaQA,1.0,no_means_correct,isolated,0.756316430020284
Qwen2.5-14B TriviaQA,1.0,negated,isolated,0.8287762001352265
