cell,quantity,condition,method,value
Qwen2.5-7B GSM8K,auroc,negated,readout,0.4782851282051282
Qwen2.5-7B GSM8K,auroc,negated,isolated,0.8663138461538461
Qwen2.5-7B GSM8K,auroc,negated,isolated_format_pairs,0.7574646153846155
Qwen2.5-7B GSM8K,auroc,negated,isolated_negation_pairs,0.8471794871794872
Qwen2.5-7B GSM8K,auroc,negated,fitted,0.8747651282051281
Qwen2.5-7B GSM8K,auroc,zero_means_correct,readout,0.8386051282051282
Qwen2.5-7B GSM8K,auroc,zero_means_correct,isolated,0.8748471794871795
Qwen2.5-7B GSM8K,auroc,zero_means_correct,isolated_format_pairs,0.880451282051282
Qwen2.5-7B GSM8K,auroc,zero_means_correct,isolated_negation_pairs,0.8624246153846155
Qwen2.5-7B GSM8K,auroc,zero_means_correct,fitted,0.8718276923076923
Qwen2.5-7B GSM8K,auroc,false_means_correct,readout,0.6045374358974358
Qwen2.5-7B GSM8K,auroc,false_means_correct,isolated,0.8594215384615385
Qwen2.5-7B GSM8K,auroc,false_means_correct,isolated_format_pairs,0.84032
Qwen2.5-7B GSM8K,auroc,false_means_correct,isolated_negation_pairs,0.8545558974358975
Qwen2.5-7B GSM8K,auroc,false_means_correct,fitted,0.8663876923076923
Qwen2.5-7B GSM8K,auroc,no_means_correct,readout,0.5506051282051281
Qwen2.5-7B GSM8K,auroc,no_means_correct,isolated,0.8576820512820513
Qwen2.5-7B GSM8K,auroc,no_means_correct,isolated_format_pairs,0.8083610256410256
Qwen2.5-7B GSM8K,auroc,no_means_correct,isolated_negation_pairs,0.8455466666666667
Qwen2.5-7B GSM8K,auroc,no_means_correct,fitted,0.8858666666666666
Qwen2.5-7B GSM8K,mean_rank,,format_pairs,5.72
Qwen2.5-7B GSM8K,mean_rank,,negation_pairs,3.0
Qwen2.5-7B MMLU,auroc,negated,readout,0.7330925206410879
Qwen2.5-7B MMLU,auroc,negated,isolated,0.7674235065565809
Qwen2.5-7B MMLU,auroc,negated,isolated_format_pairs,0.7481423020883924
Qwen2.5-7B MMLU,auroc,negated,isolated_negation_pairs,0.76406629431763
Qwen2.5-7B MMLU,auroc,negated,fitted,0.7672474502185528
Qwen2.5-7B MMLU,auroc,zero_means_correct,readout,0.7283207867897038
Qwen2.5-7B MMLU,auroc,zero_means_correct,isolated,0.7780111704711025
Qwen2.5-7B MMLU,auroc,zero_means_correct,isolated_format_pairs,0.7785696940262264
Qwen2.5-7B MMLU,auroc,zero_means_correct,isolated_negation_pairs,0.7687651772705197
Qwen2.5-7B MMLU,auroc,zero_means_correct,fitted,0.7762931034482758
Qwen2.5-7B MMLU,auroc,false_means_correct,readout,0.5595798931520155
Qwen2.5-7B MMLU,auroc,false_means_correct,isolated,0.7571151044196212
Qwen2.5-7B MMLU,auroc,false_means_correct,isolated_format_pairs,0.7332564351627002
Qwen2.5-7B MMLU,auroc,false_means_correct,isolated_negation_pairs,0.7551481301602718
Qwen2.5-7B MMLU,auroc,false_means_correct,fitted,0.7768334142787762
Qwen2.5-7B MMLU,auroc,no_means_correct,readout,0.693200582807188
Qwen2.5-7B MMLU,auroc,no_means_correct,isolated,0.7559737736765421
Qwen2.5-7B MMLU,auroc,no_means_correct,isolated_format_pairs,0.7389630888780963
Qwen2.5-7B MMLU,auroc,no_means_correct,isolated_negation_pairs,0.7475352112676057
Qwen2.5-7B MMLU,auroc,no_means_correct,fitted,0.7796806702282661
Qwen2.5-7B MMLU,mean_rank,,format_pairs,6.12
Qwen2.5-7B MMLU,mean_rank,,negation_pairs,3.0
Qwen2.5-7B TriviaQA,auroc,negated,readout,0.6839627639446
Qwen2.5-7B TriviaQA,auroc,negated,isolated,0.8346073311637529
Qwen2.5-7B TriviaQA,auroc,negated,isolated_format_pairs,0.749262090365549
Qwen2.5-7B TriviaQA,auroc,negated,isolated_negation_pairs,0.8566512777819824
Qwen2.5-7B TriviaQA,auroc,negated,fitted,0.8476197684098994
Qwen2.5-7B TriviaQA,auroc,zero_means_correct,readout,0.7070965463306339
Qwen2.5-7B TriviaQA,auroc,zero_means_correct,isolated,0.8389364010191983
Qwen2.5-7B TriviaQA,auroc,zero_means_correct,isolated_format_pairs,0.8175281919321881
Qwen2.5-7B TriviaQA,auroc,zero_means_correct,isolated_negation_pairs,0.8488861979363758
Qwen2.5-7B TriviaQA,auroc,zero_means_correct,fitted,0.8367718660914754
Qwen2.5-7B TriviaQA,auroc,false_means_correct,readout,0.5432326748908902
Qwen2.5-7B TriviaQA,auroc,false_means_correct,isolated,0.8305709023941068
Qwen2.5-7B TriviaQA,auroc,false_means_correct,isolated_format_pairs,0.7809228285274603
Qwen2.5-7B TriviaQA,auroc,false_means_correct,isolated_negation_pairs,0.8485784202426903
Qwen2.5-7B TriviaQA,auroc,false_means_correct,fitted,0.841020207371528
Qwen2.5-7B TriviaQA,auroc,no_means_correct,readout,0.4842049496707788
Qwen2.5-7B TriviaQA,auroc,no_means_correct,isolated,0.801049471480108
Qwen2.5-7B TriviaQA,auroc,no_means_correct,isolated_format_pairs,0.6797093771285855
Qwen2.5-7B TriviaQA,auroc,no_means_correct,isolated_negation_pairs,0.8312167309972501
Qwen2.5-7B TriviaQA,auroc,no_means_correct,fitted,0.8456923736723934
Qwen2.5-7B TriviaQA,mean_rank,,format_pairs,6.4
Qwen2.5-7B TriviaQA,mean_rank,,negation_pairs,3.0
Llama-3.1-8B GSM8K,auroc,negated,readout,0.9438662361392705
Llama-3.1-8B GSM8K,auroc,negated,isolated,0.965357563014693
Llama-3.1-8B GSM8K,auroc,negated,isolated_format_pairs,0.9625741533378388
Llama-3.1-8B GSM8K,auroc,negated,isolated_negation_pairs,0.9656829616279944
Llama-3.1-8B GSM8K,auroc,negated,fitted,0.9675802858501664
Llama-3.1-8B GSM8K,auroc,zero_means_correct,readout,0.9641711096092712
Llama-3.1-8B GSM8K,auroc,zero_means_correct,isolated,0.972005706991064
Llama-3.1-8B GSM8K,auroc,zero_means_correct,isolated_format_pairs,0.9699531926610098
Llama-3.1-8B GSM8K,auroc,zero_means_correct,isolated_negation_pairs,0.9718204800881078
Llama-3.1-8B GSM8K,auroc,zero_means_correct,fitted,0.9638356987309452
Llama-3.1-8B GSM8K,auroc,false_means_correct,readout,0.9559560461565418
Llama-3.1-8B GSM8K,auroc,false_means_correct,isolated,0.9677454882230732
Llama-3.1-8B GSM8K,auroc,false_means_correct,isolated_format_pairs,0.9655678205802108
Llama-3.1-8B GSM8K,auroc,false_means_correct,isolated_negation_pairs,0.9651072563890766
Llama-3.1-8B GSM8K,auroc,false_means_correct,fitted,0.966013366373808
Llama-3.1-8B GSM8K,auroc,no_means_correct,readout,0.9621836750018772
Llama-3.1-8B GSM8K,auroc,no_means_correct,isolated,0.9713749342945108
Llama-3.1-8B GSM8K,auroc,no_means_correct,isolated_format_pairs,0.9701334134314534
Llama-3.1-8B GSM8K,auroc,no_means_correct,isolated_negation_pairs,0.968992015218643
Llama-3.1-8B GSM8K,auroc,no_means_correct,fitted,0.9655077469900628
Llama-3.1-8B GSM8K,mean_rank,,format_pairs,7.08
Llama-3.1-8B GSM8K,mean_rank,,negation_pairs,3.0
Llama-3.1-8B MMLU,auroc,negated,readout,0.6640854779411764
Llama-3.1-8B MMLU,auroc,negated,isolated,0.7027745863970589
Llama-3.1-8B MMLU,auroc,negated,isolated_format_pairs,0.6716509650735294
Llama-3.1-8B MMLU,auroc,negated,isolated_negation_pairs,0.7063706341911764
Llama-3.1-8B MMLU,auroc,negated,fitted,0.7149528952205882
Llama-3.1-8B MMLU,auroc,zero_means_correct,readout,0.6999195772058824
Llama-3.1-8B MMLU,auroc,zero_means_correct,isolated,0.7084903492647059
Llama-3.1-8B MMLU,auroc,zero_means_correct,isolated_format_pairs,0.6995461856617646
Llama-3.1-8B MMLU,auroc,zero_means_correct,isolated_negation_pairs,0.7066004136029412
Llama-3.1-8B MMLU,auroc,zero_means_correct,fitted,0.7148322610294118
Llama-3.1-8B MMLU,auroc,false_means_correct,readout,0.6776079963235294
Llama-3.1-8B MMLU,auroc,false_means_correct,isolated,0.6893210018382353
Llama-3.1-8B MMLU,auroc,false_means_correct,isolated_format_pairs,0.6827722886029411
Llama-3.1-8B MMLU,auroc,false_means_correct,isolated_negation_pairs,0.6943704044117647
Llama-3.1-8B MMLU,auroc,false_means_correct,fitted,0.6955365349264706
Llama-3.1-8B MMLU,auroc,no_means_correct,readout,0.6870404411764707
Llama-3.1-8B MMLU,auroc,no_means_correct,isolated,0.6941808363970589
Llama-3.1-8B MMLU,auroc,no_means_correct,isolated_format_pairs,0.6848230698529412
Llama-3.1-8B MMLU,auroc,no_means_correct,isolated_negation_pairs,0.6967830882352942
Llama-3.1-8B MMLU,auroc,no_means_correct,fitted,0.6890625
Llama-3.1-8B MMLU,mean_rank,,format_pairs,5.12
Llama-3.1-8B MMLU,mean_rank,,negation_pairs,3.0
Llama-3.1-8B ARC,auroc,negated,readout,0.7176206509539844
Llama-3.1-8B ARC,auroc,negated,isolated,0.732435465768799
Llama-3.1-8B ARC,auroc,negated,isolated_format_pairs,0.7262277951933124
Llama-3.1-8B ARC,auroc,negated,isolated_negation_pairs,0.7425055149193079
Llama-3.1-8B ARC,auroc,negated,fitted,0.7268934556290879
Llama-3.1-8B ARC,auroc,zero_means_correct,readout,0.7459189597120632
Llama-3.1-8B ARC,auroc,zero_means_correct,isolated,0.7324277255311739
Llama-3.1-8B ARC,auroc,zero_means_correct,isolated_format_pairs,0.7367235574132126
Llama-3.1-8B ARC,auroc,zero_means_correct,isolated_negation_pairs,0.7391385115523047
Llama-3.1-8B ARC,auroc,zero_means_correct,fitted,0.7228840125391851
Llama-3.1-8B ARC,auroc,false_means_correct,readout,0.6731994272224158
Llama-3.1-8B ARC,auroc,false_means_correct,isolated,0.6946321452068579
Llama-3.1-8B ARC,auroc,false_means_correct,isolated_format_pairs,0.6909013506714656
Llama-3.1-8B ARC,auroc,false_means_correct,isolated_negation_pairs,0.6892681605325283
Llama-3.1-8B ARC,auroc,false_means_correct,fitted,0.687162815898448
Llama-3.1-8B ARC,auroc,no_means_correct,readout,0.7060412554665427
Llama-3.1-8B ARC,auroc,no_means_correct,isolated,0.7108479430318511
Llama-3.1-8B ARC,auroc,no_means_correct,isolated_format_pairs,0.7090057664770308
Llama-3.1-8B ARC,auroc,no_means_correct,isolated_negation_pairs,0.7130384302798096
Llama-3.1-8B ARC,auroc,no_means_correct,fitted,0.6842370060760865
Llama-3.1-8B ARC,mean_rank,,format_pairs,5.68
Llama-3.1-8B ARC,mean_rank,,negation_pairs,3.0
Llama-3.1-8B TriviaQA,auroc,negated,readout,0.726462242562929
Llama-3.1-8B TriviaQA,auroc,negated,isolated,0.84055530129672
Llama-3.1-8B TriviaQA,auroc,negated,isolated_format_pairs,0.8327871853546911
Llama-3.1-8B TriviaQA,auroc,negated,isolated_negation_pairs,0.8441617086193745
Llama-3.1-8B TriviaQA,auroc,negated,fitted,0.8385354691075515
Llama-3.1-8B TriviaQA,auroc,zero_means_correct,readout,0.842086956521739
Llama-3.1-8B TriviaQA,auroc,zero_means_correct,isolated,0.8428497330282229
Llama-3.1-8B TriviaQA,auroc,zero_means_correct,isolated_format_pairs,0.842331045003814
Llama-3.1-8B TriviaQA,auroc,zero_means_correct,isolated_negation_pairs,0.8464500381388254
Llama-3.1-8B TriviaQA,auroc,zero_means_correct,fitted,0.8376567505720823
Llama-3.1-8B TriviaQA,auroc,false_means_correct,readout,0.8111365369946606
Llama-3.1-8B TriviaQA,auroc,false_means_correct,isolated,0.8379618611746759
Llama-3.1-8B TriviaQA,auroc,false_means_correct,isolated_format_pairs,0.839212814645309
Llama-3.1-8B TriviaQA,auroc,false_means_correct,isolated_negation_pairs,0.8344286803966439
Llama-3.1-8B TriviaQA,auroc,false_means_correct,fitted,0.8427704042715483
Llama-3.1-8B TriviaQA,auroc,no_means_correct,readout,0.7321983218916858
Llama-3.1-8B TriviaQA,auroc,no_means_correct,isolated,0.8348314263920671
Llama-3.1-8B TriviaQA,auroc,no_means_correct,isolated_format_pairs,0.8307551487414188
Llama-3.1-8B TriviaQA,auroc,no_means_correct,isolated_negation_pairs,0.8352707856598016
Llama-3.1-8B TriviaQA,auroc,no_means_correct,fitted,0.839585049580473
Llama-3.1-8B TriviaQA,mean_rank,,format_pairs,7.08
Llama-3.1-8B TriviaQA,mean_rank,,negation_pairs,3.0
Mistral-7B GSM8K,auroc,negated,readout,0.7443029626623378
Mistral-7B GSM8K,auroc,negated,isolated,0.8167258522727273
Mistral-7B GSM8K,auroc,negated,isolated_format_pairs,0.8247057629870129
Mistral-7B GSM8K,auroc,negated,isolated_negation_pairs,0.8194297889610389
Mistral-7B GSM8K,auroc,negated,fitted,0.82205762987013
Mistral-7B GSM8K,auroc,zero_means_correct,readout,0.8054078733766235
Mistral-7B GSM8K,auroc,zero_means_correct,isolated,0.8365056818181819
Mistral-7B GSM8K,auroc,zero_means_correct,isolated_format_pairs,0.8318435470779221
Mistral-7B GSM8K,auroc,zero_means_correct,isolated_negation_pairs,0.8392197646103895
Mistral-7B GSM8K,auroc,zero_means_correct,fitted,0.8293729707792208
Mistral-7B GSM8K,auroc,false_means_correct,readout,0.7892146915584417
Mistral-7B GSM8K,auroc,false_means_correct,isolated,0.8178317775974027
Mistral-7B GSM8K,auroc,false_means_correct,isolated_format_pairs,0.8162946428571429
Mistral-7B GSM8K,auroc,false_means_correct,isolated_negation_pairs,0.8196174918831168
Mistral-7B GSM8K,auroc,false_means_correct,fitted,0.8249949269480521
Mistral-7B GSM8K,auroc,no_means_correct,readout,0.7381899350649352
Mistral-7B GSM8K,auroc,no_means_correct,isolated,0.7924005681818181
Mistral-7B GSM8K,auroc,no_means_correct,isolated_format_pairs,0.8054535308441558
Mistral-7B GSM8K,auroc,no_means_correct,isolated_negation_pairs,0.7967025162337663
Mistral-7B GSM8K,auroc,no_means_correct,fitted,0.8137276785714287
Mistral-7B GSM8K,mean_rank,,format_pairs,6.56
Mistral-7B GSM8K,mean_rank,,negation_pairs,4.0
Mistral-7B MMLU,auroc,negated,readout,0.7048802083333334
Mistral-7B MMLU,auroc,negated,isolated,0.7366354166666667
Mistral-7B MMLU,auroc,negated,isolated_format_pairs,0.7289010416666667
Mistral-7B MMLU,auroc,negated,isolated_negation_pairs,0.7421770833333334
Mistral-7B MMLU,auroc,negated,fitted,0.7173072916666666
Mistral-7B MMLU,auroc,zero_means_correct,readout,0.70475
Mistral-7B MMLU,auroc,zero_means_correct,isolated,0.7092343750000001
Mistral-7B MMLU,auroc,zero_means_correct,isolated_format_pairs,0.7074739583333333
Mistral-7B MMLU,auroc,zero_means_correct,isolated_negation_pairs,0.70828125
Mistral-7B MMLU,auroc,zero_means_correct,fitted,0.7198541666666667
Mistral-7B MMLU,auroc,false_means_correct,readout,0.6996197916666667
Mistral-7B MMLU,auroc,false_means_correct,isolated,0.7179010416666667
Mistral-7B MMLU,auroc,false_means_correct,isolated_format_pairs,0.706328125
Mistral-7B MMLU,auroc,false_means_correct,isolated_negation_pairs,0.7379895833333334
Mistral-7B MMLU,auroc,false_means_correct,fitted,0.7382812499999999
Mistral-7B MMLU,auroc,no_means_correct,readout,0.7061666666666666
Mistral-7B MMLU,auroc,no_means_correct,isolated,0.7204166666666666
Mistral-7B MMLU,auroc,no_means_correct,isolated_format_pairs,0.7136250000000001
Mistral-7B MMLU,auroc,no_means_correct,isolated_negation_pairs,0.7275104166666667
Mistral-7B MMLU,auroc,no_means_correct,fitted,0.7395677083333334
Mistral-7B MMLU,mean_rank,,format_pairs,6.92
Mistral-7B MMLU,mean_rank,,negation_pairs,4.0
Mistral-7B ARC,auroc,negated,readout,0.6461505112178909
Mistral-7B ARC,auroc,negated,isolated,0.6871491022074496
Mistral-7B ARC,auroc,negated,isolated_format_pairs,0.6598504281224032
Mistral-7B ARC,auroc,negated,isolated_negation_pairs,0.684229921601214
Mistral-7B ARC,auroc,negated,fitted,0.6633837927670797
Mistral-7B ARC,auroc,zero_means_correct,readout,0.7341377939954478
Mistral-7B ARC,auroc,zero_means_correct,isolated,0.7040716788901333
Mistral-7B ARC,auroc,zero_means_correct,isolated_format_pairs,0.7049821164059396
Mistral-7B ARC,auroc,zero_means_correct,isolated_negation_pairs,0.7213266375230318
Mistral-7B ARC,auroc,zero_means_correct,fitted,0.7112034394306154
Mistral-7B ARC,auroc,false_means_correct,readout,0.6333032262726255
Mistral-7B ARC,auroc,false_means_correct,isolated,0.6436215181184292
Mistral-7B ARC,auroc,false_means_correct,isolated_format_pairs,0.6247263268181654
Mistral-7B ARC,auroc,false_means_correct,isolated_negation_pairs,0.655312691932512
Mistral-7B ARC,auroc,false_means_correct,fitted,0.6746920047689583
Mistral-7B ARC,auroc,no_means_correct,readout,0.685544998012934
Mistral-7B ARC,auroc,no_means_correct,isolated,0.6784204631670219
Mistral-7B ARC,auroc,no_means_correct,isolated_format_pairs,0.6734564109975072
Mistral-7B ARC,auroc,no_means_correct,isolated_negation_pairs,0.6944831821958886
Mistral-7B ARC,auroc,no_means_correct,fitted,0.7012247552295965
Mistral-7B ARC,mean_rank,,format_pairs,5.76
Mistral-7B ARC,mean_rank,,negation_pairs,4.0
Mistral-7B TriviaQA,auroc,negated,readout,0.622500306710833
Mistral-7B TriviaQA,auroc,negated,isolated,0.7939209912894123
Mistral-7B TriviaQA,auroc,negated,isolated_format_pairs,0.7609434425223899
Mistral-7B TriviaQA,auroc,negated,isolated_negation_pairs,0.7935161329898172
Mistral-7B TriviaQA,auroc,negated,fitted,0.7992209544841123
Mistral-7B TriviaQA,auroc,zero_means_correct,readout,0.7855293828978039
Mistral-7B TriviaQA,auroc,zero_means_correct,isolated,0.7940927493559073
Mistral-7B TriviaQA,auroc,zero_means_correct,isolated_format_pairs,0.7926634768740033
Mistral-7B TriviaQA,auroc,zero_means_correct,isolated_negation_pairs,0.7977242056189424
Mistral-7B TriviaQA,auroc,zero_means_correct,fitted,0.8076555023923445
Mistral-7B TriviaQA,auroc,false_means_correct,readout,0.7386210280947123
Mistral-7B TriviaQA,auroc,false_means_correct,isolated,0.772132253711201
Mistral-7B TriviaQA,auroc,false_means_correct,isolated_format_pairs,0.752938289780395
Mistral-7B TriviaQA,auroc,false_means_correct,isolated_negation_pairs,0.7790393816709607
Mistral-7B TriviaQA,auroc,false_means_correct,fitted,0.7925653294074346
Mistral-7B TriviaQA,auroc,no_means_correct,readout,0.6837136547662863
Mistral-7B TriviaQA,auroc,no_means_correct,isolated,0.7881057538952276
Mistral-7B TriviaQA,auroc,no_means_correct,isolated_format_pairs,0.7836461783830205
Mistral-7B TriviaQA,auroc,no_means_correct,isolated_negation_pairs,0.7913507545086492
Mistral-7B TriviaQA,auroc,no_means_correct,fitted,0.7912587412587413
Mistral-7B TriviaQA,mean_rank,,format_pairs,6.08
Mistral-7B TriviaQA,mean_rank,,negation_pairs,4.0
Qwen2.5-14B GSM8K,auroc,negated,readout,0.8177152651744304
Qwen2.5-14B GSM8K,auroc,negated,isolated,0.939493849566445
Qwen2.5-14B GSM8K,auroc,negated,isolated_format_pairs,0.8596793708408953
Qwen2.5-14B GSM8K,auroc,negated,isolated_negation_pairs,0.9375378100423474
Qwen2.5-14B GSM8K,auroc,negated,fitted,0.9348054043153862
Qwen2.5-14B GSM8K,auroc,zero_means_correct,readout,0.9365093768905022
Qwen2.5-14B GSM8K,auroc,zero_means_correct,isolated,0.938173018753781
Qwen2.5-14B GSM8K,auroc,zero_means_correct,isolated_format_pairs,0.9373462391611213
Qwen2.5-14B GSM8K,auroc,zero_means_correct,isolated_negation_pairs,0.9369328493647912
Qwen2.5-14B GSM8K,auroc,zero_means_correct,fitted,0.9352389594676346
Qwen2.5-14B GSM8K,auroc,false_means_correct,readout,0.8923573301068763
Qwen2.5-14B GSM8K,auroc,false_means_correct,isolated,0.9498185117967332
Qwen2.5-14B GSM8K,auroc,false_means_correct,isolated_format_pairs,0.9161322847348256
Qwen2.5-14B GSM8K,auroc,false_means_correct,isolated_negation_pairs,0.9496571889493848
Qwen2.5-14B GSM8K,auroc,false_means_correct,fitted,0.9462189957652754
Qwen2.5-14B GSM8K,auroc,no_means_correct,readout,0.7275862068965517
Qwen2.5-14B GSM8K,auroc,no_means_correct,isolated,0.9281306715063522
Qwen2.5-14B GSM8K,auroc,no_means_correct,isolated_format_pairs,0.807773744706594
Qwen2.5-14B GSM8K,auroc,no_means_correct,isolated_negation_pairs,0.9279290179471668
Qwen2.5-14B GSM8K,auroc,no_means_correct,fitted,0.9424077434966728
Qwen2.5-14B GSM8K,mean_rank,,format_pairs,4.16
Qwen2.5-14B GSM8K,mean_rank,,negation_pairs,1.0
Qwen2.5-14B MMLU,auroc,negated,readout,0.4414404049700874
Qwen2.5-14B MMLU,auroc,negated,isolated,0.7119036662064734
Qwen2.5-14B MMLU,auroc,negated,isolated_format_pairs,0.5778186838472159
Qwen2.5-14B MMLU,auroc,negated,isolated_negation_pairs,0.7049854272127627
Qwen2.5-14B MMLU,auroc,negated,fitted,0.7352277956741832
Qwen2.5-14B MMLU,auroc,zero_means_correct,readout,0.7252185918085596
Qwen2.5-14B MMLU,auroc,zero_means_correct,isolated,0.7339315845988648
Qwen2.5-14B MMLU,auroc,zero_means_correct,isolated_format_pairs,0.7280104310477067
Qwen2.5-14B MMLU,auroc,zero_means_correct,isolated_negation_pairs,0.7323745973308791
Qwen2.5-14B MMLU,auroc,zero_means_correct,fitted,0.7482512655315232
Qwen2.5-14B MMLU,auroc,false_means_correct,readout,0.5375364319680933
Qwen2.5-14B MMLU,auroc,false_means_correct,isolated,0.6838625556066882
Qwen2.5-14B MMLU,auroc,false_means_correct,isolated_format_pairs,0.6000690289921767
Qwen2.5-14B MMLU,auroc,false_means_correct,isolated_negation_pairs,0.6581377511888326
Qwen2.5-14B MMLU,auroc,false_means_correct,fitted,0.7292682926829268
Qwen2.5-14B MMLU,auroc,no_means_correct,readout,0.4317456665132688
Qwen2.5-14B MMLU,auroc,no_means_correct,isolated,0.6507593189139439
Qwen2.5-14B MMLU,auroc,no_means_correct,isolated_format_pairs,0.5322825586746432
Qwen2.5-14B MMLU,auroc,no_means_correct,isolated_negation_pairs,0.6206013192207394
Qwen2.5-14B MMLU,auroc,no_means_correct,fitted,0.7311320754716981
Qwen2.5-14B MMLU,mean_rank,,format_pairs,6.76
Qwen2.5-14B MMLU,mean_rank,,negation_pairs,1.0
Qwen2.5-14B TriviaQA,auroc,negated,readout,0.1741122379986477
Qwen2.5-14B TriviaQA,auroc,negated,isolated,0.8287762001352265
Qwen2.5-14B TriviaQA,auroc,negated,isolated_format_pairs,0.3961000676132521
Qwen2.5-14B TriviaQA,auroc,negated,isolated_negation_pairs,0.8045436105476673
Qwen2.5-14B TriviaQA,auroc,negated,fitted,0.8665314401622718
Qwen2.5-14B TriviaQA,auroc,zero_means_correct,readout,0.803445571331981
Qwen2.5-14B TriviaQA,auroc,zero_means_correct,isolated,0.8637511832319136
Qwen2.5-14B TriviaQA,auroc,zero_means_correct,isolated_format_pairs,0.847129141311697
Qwen2.5-14B TriviaQA,auroc,zero_means_correct,isolated_negation_pairs,0.8655469912102772
Qwen2.5-14B TriviaQA,auroc,zero_means_correct,fitted,0.8628262339418526
Qwen2.5-14B TriviaQA,auroc,false_means_correct,readout,0.1956889790398918
Qwen2.5-14B TriviaQA,auroc,false_means_correct,isolated,0.7937146720757269
Qwen2.5-14B TriviaQA,auroc,false_means_correct,isolated_format_pairs,0.6118999323867478
Qwen2.5-14B TriviaQA,auroc,false_means_correct,isolated_negation_pairs,0.7349560513860716
Qwen2.5-14B TriviaQA,auroc,false_means_correct,fitted,0.8659688979039892
Qwen2.5-14B TriviaQA,auroc,no_means_correct,readout,0.1679837728194726
Qwen2.5-14B TriviaQA,auroc,no_means_correct,isolated,0.756316430020284
Qwen2.5-14B TriviaQA,auroc,no_means_correct,isolated_format_pairs,0.3651169709263016
Qwen2.5-14B TriviaQA,auroc,no_means_correct,isolated_negation_pairs,0.6785828262339418
Qwen2.5-14B TriviaQA,auroc,no_means_correct,fitted,0.8659905341446923
Qwen2.5-14B TriviaQA,mean_rank,,format_pairs,10.28
Qwen2.5-14B TriviaQA,mean_rank,,negation_pairs,1.0
