cell,mean_abs_cos,overlap_directions,share_in_subspace,share_in_components,negated_change_components,negated_change_subspace
Qwen2.5-7B GSM8K,0.305582685687025,0.0,0.4815153124004986,0.9904949534599784,-0.153985641025641,0.3880287179487179
Qwen2.5-7B MMLU,0.3523727547711659,0.0,0.6031048111859151,0.983127124991856,-0.1995446818844098,0.0343309859154929
Qwen2.5-7B TriviaQA,0.2879635646836228,0.0,0.5893042931162212,0.993106246156202,0.1271172330280784,0.1506445672191528
Llama-3.1-8B GSM8K,0.3169870833678638,0.0,0.4444954328714287,0.9963985544932832,-0.0817501439263095,0.0214913268754225
Llama-3.1-8B MMLU,0.3050095592154639,0.0,0.3126540198451262,0.9193754952355904,0.0206341911764705,0.0386891084558824
Llama-3.1-8B ARC,0.3296192082465751,0.0,0.4804658041046925,0.9195385506889252,-0.0457602848407446,0.0148148148148146
Llama-3.1-8B TriviaQA,0.311579915447997,0.0,0.4984175727486487,0.9900680145664408,-0.2430999237223493,0.1140930587337909
Mistral-7B GSM8K,0.3181154966105746,0.0,0.3758873532572474,0.9862163820938188,-0.0188768262987014,0.0724228896103895
Mistral-7B MMLU,0.3078369973917516,0.0,0.3566260725914837,0.9579750434504164,-0.1538802083333335,0.0317552083333332
Mistral-7B ARC,0.3283782783893925,0.0,0.5634869095228681,0.9493033380190904,-0.2214964413454244,0.0409985909895587
Mistral-7B TriviaQA,0.3177314479814845,0.0,0.5239036806909536,0.991651752551288,-0.2067353698932646,0.1714206845785792
Qwen2.5-14B GSM8K,0.322293993157949,0.0,0.350837857511478,0.996841456633458,-0.0914801371244202,0.1217785843920146
Qwen2.5-14B MMLU,0.3402753129426835,0.0,0.5450753233698267,0.9656518987547048,0.1974996165055991,0.270463261236386
Qwen2.5-14B TriviaQA,0.3127893239107713,0.0,0.6270813799573564,0.9956458093929262,0.5799540229885058,0.6546639621365787
