cell,fold,wording,rank
Qwen2.5-7B GSM8K,0,P01,7
Qwen2.5-7B GSM8K,0,P03,5
Qwen2.5-7B GSM8K,0,P05,8
Qwen2.5-7B GSM8K,0,P07,8
Qwen2.5-7B GSM8K,0,P09,7
Qwen2.5-7B GSM8K,1,P01,7
Qwen2.5-7B GSM8K,1,P03,5
Qwen2.5-7B GSM8K,1,P05,7
Qwen2.5-7B GSM8K,1,P07,5
Qwen2.5-7B GSM8K,1,P09,7
Qwen2.5-7B GSM8K,2,P01,7
Qwen2.5-7B GSM8K,2,P03,5
Qwen2.5-7B GSM8K,2,P05,7
Qwen2.5-7B GSM8K,2,P07,6
Qwen2.5-7B GSM8K,2,P09,7
Qwen2.5-7B GSM8K,3,P01,7
Qwen2.5-7B GSM8K,3,P03,5
Qwen2.5-7B GSM8K,3,P05,7
Qwen2.5-7B GSM8K,3,P07,5
Qwen2.5-7B GSM8K,3,P09,7
Qwen2.5-7B GSM8K,4,P01,8
Qwen2.5-7B GSM8K,4,P03,5
Qwen2.5-7B GSM8K,4,P05,8
Qwen2.5-7B GSM8K,4,P07,5
Qwen2.5-7B GSM8K,4,P09,8
Qwen2.5-7B MMLU,0,P01,7
Qwen2.5-7B MMLU,0,P03,6
Qwen2.5-7B MMLU,0,P05,8
Qwen2.5-7B MMLU,0,P07,8
Qwen2.5-7B MMLU,0,P09,4
Qwen2.5-7B MMLU,1,P01,7
Qwen2.5-7B MMLU,1,P03,6
Qwen2.5-7B MMLU,1,P05,8
Qwen2.5-7B MMLU,1,P07,7
Qwen2.5-7B MMLU,1,P09,4
Qwen2.5-7B MMLU,2,P01,10
Qwen2.5-7B MMLU,2,P03,6
Qwen2.5-7B MMLU,2,P05,6
Qwen2.5-7B MMLU,2,P07,11
Qwen2.5-7B MMLU,2,P09,8
Qwen2.5-7B MMLU,3,P01,4
Qwen2.5-7B MMLU,3,P03,6
Qwen2.5-7B MMLU,3,P05,8
Qwen2.5-7B MMLU,3,P07,11
Qwen2.5-7B MMLU,3,P09,9
Qwen2.5-7B MMLU,4,P01,7
Qwen2.5-7B MMLU,4,P03,6
Qwen2.5-7B MMLU,4,P05,6
Qwen2.5-7B MMLU,4,P07,8
Qwen2.5-7B MMLU,4,P09,10
Qwen2.5-7B TriviaQA,0,P01,12
Qwen2.5-7B TriviaQA,0,P03,7
Qwen2.5-7B TriviaQA,0,P05,6
Qwen2.5-7B TriviaQA,0,P07,7
Qwen2.5-7B TriviaQA,0,P09,10
Qwen2.5-7B TriviaQA,1,P01,12
Qwen2.5-7B TriviaQA,1,P03,7
Qwen2.5-7B TriviaQA,1,P05,8
Qwen2.5-7B TriviaQA,1,P07,7
Qwen2.5-7B TriviaQA,1,P09,10
Qwen2.5-7B TriviaQA,2,P01,10
Qwen2.5-7B TriviaQA,2,P03,5
Qwen2.5-7B TriviaQA,2,P05,9
Qwen2.5-7B TriviaQA,2,P07,5
Qwen2.5-7B TriviaQA,2,P09,12
Qwen2.5-7B TriviaQA,3,P01,10
Qwen2.5-7B TriviaQA,3,P03,8
Qwen2.5-7B TriviaQA,3,P05,8
Qwen2.5-7B TriviaQA,3,P07,5
Qwen2.5-7B TriviaQA,3,P09,10
Qwen2.5-7B TriviaQA,4,P01,11
Qwen2.5-7B TriviaQA,4,P03,5
Qwen2.5-7B TriviaQA,4,P05,5
Qwen2.5-7B TriviaQA,4,P07,5
Qwen2.5-7B TriviaQA,4,P09,12
Llama-3.1-8B GSM8K,0,P01,10
Llama-3.1-8B GSM8K,0,P03,10
Llama-3.1-8B GSM8K,0,P05,6
Llama-3.1-8B GSM8K,0,P07,11
Llama-3.1-8B GSM8K,0,P09,7
Llama-3.1-8B GSM8K,1,P01,10
Llama-3.1-8B GSM8K,1,P03,10
Llama-3.1-8B GSM8K,1,P05,10
Llama-3.1-8B GSM8K,1,P07,10
Llama-3.1-8B GSM8K,1,P09,9
Llama-3.1-8B GSM8K,2,P01,9
Llama-3.1-8B GSM8K,2,P03,7
Llama-3.1-8B GSM8K,2,P05,6
Llama-3.1-8B GSM8K,2,P07,7
Llama-3.1-8B GSM8K,2,P09,9
Llama-3.1-8B GSM8K,3,P01,9
Llama-3.1-8B GSM8K,3,P03,9
Llama-3.1-8B GSM8K,3,P05,9
Llama-3.1-8B GSM8K,3,P07,9
Llama-3.1-8B GSM8K,3,P09,9
Llama-3.1-8B GSM8K,4,P01,9
Llama-3.1-8B GSM8K,4,P03,10
Llama-3.1-8B GSM8K,4,P05,9
Llama-3.1-8B GSM8K,4,P07,9
Llama-3.1-8B GSM8K,4,P09,9
Llama-3.1-8B MMLU,0,P01,7
Llama-3.1-8B MMLU,0,P03,6
Llama-3.1-8B MMLU,0,P05,9
Llama-3.1-8B MMLU,0,P07,5
Llama-3.1-8B MMLU,0,P09,7
Llama-3.1-8B MMLU,1,P01,7
Llama-3.1-8B MMLU,1,P03,7
Llama-3.1-8B MMLU,1,P05,10
Llama-3.1-8B MMLU,1,P07,5
Llama-3.1-8B MMLU,1,P09,7
Llama-3.1-8B MMLU,2,P01,7
Llama-3.1-8B MMLU,2,P03,6
Llama-3.1-8B MMLU,2,P05,6
Llama-3.1-8B MMLU,2,P07,6
Llama-3.1-8B MMLU,2,P09,6
Llama-3.1-8B MMLU,3,P01,6
Llama-3.1-8B MMLU,3,P03,6
Llama-3.1-8B MMLU,3,P05,6
Llama-3.1-8B MMLU,3,P07,6
Llama-3.1-8B MMLU,3,P09,6
Llama-3.1-8B MMLU,4,P01,6
Llama-3.1-8B MMLU,4,P03,7
Llama-3.1-8B MMLU,4,P05,6
Llama-3.1-8B MMLU,4,P07,7
Llama-3.1-8B MMLU,4,P09,6
Llama-3.1-8B ARC,0,P01,7
Llama-3.1-8B ARC,0,P03,9
Llama-3.1-8B ARC,0,P05,7
Llama-3.1-8B ARC,0,P07,8
Llama-3.1-8B ARC,0,P09,10
Llama-3.1-8B ARC,1,P01,7
Llama-3.1-8B ARC,1,P03,5
Llama-3.1-8B ARC,1,P05,5
Llama-3.1-8B ARC,1,P07,8
Llama-3.1-8B ARC,1,P09,10
Llama-3.1-8B ARC,2,P01,7
Llama-3.1-8B ARC,2,P03,8
Llama-3.1-8B ARC,2,P05,5
Llama-3.1-8B ARC,2,P07,7
Llama-3.1-8B ARC,2,P09,7
Llama-3.1-8B ARC,3,P01,7
Llama-3.1-8B ARC,3,P03,7
Llama-3.1-8B ARC,3,P05,5
Llama-3.1-8B ARC,3,P07,8
Llama-3.1-8B ARC,3,P09,10
Llama-3.1-8B ARC,4,P01,7
Llama-3.1-8B ARC,4,P03,7
Llama-3.1-8B ARC,4,P05,7
Llama-3.1-8B ARC,4,P07,7
Llama-3.1-8B ARC,4,P09,10
Llama-3.1-8B TriviaQA,0,P01,8
Llama-3.1-8B TriviaQA,0,P03,8
Llama-3.1-8B TriviaQA,0,P05,11
Llama-3.1-8B TriviaQA,0,P07,8
Llama-3.1-8B TriviaQA,0,P09,8
Llama-3.1-8B TriviaQA,1,P01,8
Llama-3.1-8B TriviaQA,1,P03,8
Llama-3.1-8B TriviaQA,1,P05,9
Llama-3.1-8B TriviaQA,1,P07,8
Llama-3.1-8B TriviaQA,1,P09,8
Llama-3.1-8B TriviaQA,2,P01,8
Llama-3.1-8B TriviaQA,2,P03,8
Llama-3.1-8B TriviaQA,2,P05,8
Llama-3.1-8B TriviaQA,2,P07,8
Llama-3.1-8B TriviaQA,2,P09,8
Llama-3.1-8B TriviaQA,3,P01,8
Llama-3.1-8B TriviaQA,3,P03,8
Llama-3.1-8B TriviaQA,3,P05,8
Llama-3.1-8B TriviaQA,3,P07,8
Llama-3.1-8B TriviaQA,3,P09,8
Llama-3.1-8B TriviaQA,4,P01,3
Llama-3.1-8B TriviaQA,4,P03,11
Llama-3.1-8B TriviaQA,4,P05,10
Llama-3.1-8B TriviaQA,4,P07,8
Llama-3.1-8B TriviaQA,4,P09,8
Mistral-7B GSM8K,0,P01,6
Mistral-7B GSM8K,0,P03,6
Mistral-7B GSM8K,0,P05,6
Mistral-7B GSM8K,0,P07,6
Mistral-7B GSM8K,0,P09,6
Mistral-7B GSM8K,1,P01,6
Mistral-7B GSM8K,1,P03,1
Mistral-7B GSM8K,1,P05,6
Mistral-7B GSM8K,1,P07,6
Mistral-7B GSM8K,1,P09,6
Mistral-7B GSM8K,2,P01,6
Mistral-7B GSM8K,2,P03,1
Mistral-7B GSM8K,2,P05,6
Mistral-7B GSM8K,2,P07,6
Mistral-7B GSM8K,2,P09,6
Mistral-7B GSM8K,3,P01,6
Mistral-7B GSM8K,3,P03,1
Mistral-7B GSM8K,3,P05,8
Mistral-7B GSM8K,3,P07,6
Mistral-7B GSM8K,3,P09,6
Mistral-7B GSM8K,4,P01,6
Mistral-7B GSM8K,4,P03,1
Mistral-7B GSM8K,4,P05,6
Mistral-7B GSM8K,4,P07,8
Mistral-7B GSM8K,4,P09,6
Mistral-7B MMLU,0,P01,4
Mistral-7B MMLU,0,P03,5
Mistral-7B MMLU,0,P05,4
Mistral-7B MMLU,0,P07,9
Mistral-7B MMLU,0,P09,7
Mistral-7B MMLU,1,P01,4
Mistral-7B MMLU,1,P03,5
Mistral-7B MMLU,1,P05,8
Mistral-7B MMLU,1,P07,10
Mistral-7B MMLU,1,P09,7
Mistral-7B MMLU,2,P01,4
Mistral-7B MMLU,2,P03,5
Mistral-7B MMLU,2,P05,4
Mistral-7B MMLU,2,P07,10
Mistral-7B MMLU,2,P09,11
Mistral-7B MMLU,3,P01,5
Mistral-7B MMLU,3,P03,5
Mistral-7B MMLU,3,P05,7
Mistral-7B MMLU,3,P07,10
Mistral-7B MMLU,3,P09,9
Mistral-7B MMLU,4,P01,4
Mistral-7B MMLU,4,P03,5
Mistral-7B MMLU,4,P05,6
Mistral-7B MMLU,4,P07,10
Mistral-7B MMLU,4,P09,7
Mistral-7B ARC,0,P01,6
Mistral-7B ARC,0,P03,8
Mistral-7B ARC,0,P05,9
Mistral-7B ARC,0,P07,8
Mistral-7B ARC,0,P09,8
Mistral-7B ARC,1,P01,6
Mistral-7B ARC,1,P03,8
Mistral-7B ARC,1,P05,7
Mistral-7B ARC,1,P07,8
Mistral-7B ARC,1,P09,7
Mistral-7B ARC,2,P01,6
Mistral-7B ARC,2,P03,8
Mistral-7B ARC,2,P05,7
Mistral-7B ARC,2,P07,8
Mistral-7B ARC,2,P09,8
Mistral-7B ARC,3,P01,6
Mistral-7B ARC,3,P03,8
Mistral-7B ARC,3,P05,7
Mistral-7B ARC,3,P07,8
Mistral-7B ARC,3,P09,8
Mistral-7B ARC,4,P01,6
Mistral-7B ARC,4,P03,8
Mistral-7B ARC,4,P05,7
Mistral-7B ARC,4,P07,8
Mistral-7B ARC,4,P09,7
Mistral-7B TriviaQA,0,P01,7
Mistral-7B TriviaQA,0,P03,9
Mistral-7B TriviaQA,0,P05,8
Mistral-7B TriviaQA,0,P07,8
Mistral-7B TriviaQA,0,P09,8
Mistral-7B TriviaQA,1,P01,10
Mistral-7B TriviaQA,1,P03,9
Mistral-7B TriviaQA,1,P05,8
Mistral-7B TriviaQA,1,P07,9
Mistral-7B TriviaQA,1,P09,12
Mistral-7B TriviaQA,2,P01,7
Mistral-7B TriviaQA,2,P03,8
Mistral-7B TriviaQA,2,P05,8
Mistral-7B TriviaQA,2,P07,8
Mistral-7B TriviaQA,2,P09,8
Mistral-7B TriviaQA,3,P01,6
Mistral-7B TriviaQA,3,P03,9
Mistral-7B TriviaQA,3,P05,9
Mistral-7B TriviaQA,3,P07,3
Mistral-7B TriviaQA,3,P09,8
Mistral-7B TriviaQA,4,P01,5
Mistral-7B TriviaQA,4,P03,3
Mistral-7B TriviaQA,4,P05,9
Mistral-7B TriviaQA,4,P07,3
Mistral-7B TriviaQA,4,P09,8
Qwen2.5-14B GSM8K,0,P01,8
Qwen2.5-14B GSM8K,0,P03,8
Qwen2.5-14B GSM8K,0,P05,8
Qwen2.5-14B GSM8K,0,P07,7
Qwen2.5-14B GSM8K,0,P09,6
Qwen2.5-14B GSM8K,1,P01,9
Qwen2.5-14B GSM8K,1,P03,6
Qwen2.5-14B GSM8K,1,P05,8
Qwen2.5-14B GSM8K,1,P07,8
Qwen2.5-14B GSM8K,1,P09,7
Qwen2.5-14B GSM8K,2,P01,9
Qwen2.5-14B GSM8K,2,P03,8
Qwen2.5-14B GSM8K,2,P05,6
Qwen2.5-14B GSM8K,2,P07,9
Qwen2.5-14B GSM8K,2,P09,8
Qwen2.5-14B GSM8K,3,P01,10
Qwen2.5-14B GSM8K,3,P03,6
Qwen2.5-14B GSM8K,3,P05,9
Qwen2.5-14B GSM8K,3,P07,6
Qwen2.5-14B GSM8K,3,P09,7
Qwen2.5-14B GSM8K,4,P01,10
Qwen2.5-14B GSM8K,4,P03,6
Qwen2.5-14B GSM8K,4,P05,9
Qwen2.5-14B GSM8K,4,P07,6
Qwen2.5-14B GSM8K,4,P09,7
Qwen2.5-14B MMLU,0,P01,6
Qwen2.5-14B MMLU,0,P03,8
Qwen2.5-14B MMLU,0,P05,4
Qwen2.5-14B MMLU,0,P07,7
Qwen2.5-14B MMLU,0,P09,4
Qwen2.5-14B MMLU,1,P01,8
Qwen2.5-14B MMLU,1,P03,8
Qwen2.5-14B MMLU,1,P05,4
Qwen2.5-14B MMLU,1,P07,7
Qwen2.5-14B MMLU,1,P09,12
Qwen2.5-14B MMLU,2,P01,12
Qwen2.5-14B MMLU,2,P03,8
Qwen2.5-14B MMLU,2,P05,8
Qwen2.5-14B MMLU,2,P07,7
Qwen2.5-14B MMLU,2,P09,4
Qwen2.5-14B MMLU,3,P01,8
Qwen2.5-14B MMLU,3,P03,8
Qwen2.5-14B MMLU,3,P05,8
Qwen2.5-14B MMLU,3,P07,8
Qwen2.5-14B MMLU,3,P09,4
Qwen2.5-14B MMLU,4,P01,6
Qwen2.5-14B MMLU,4,P03,8
Qwen2.5-14B MMLU,4,P05,8
Qwen2.5-14B MMLU,4,P07,7
Qwen2.5-14B MMLU,4,P09,4
Qwen2.5-14B TriviaQA,0,P01,12
Qwen2.5-14B TriviaQA,0,P03,9
Qwen2.5-14B TriviaQA,0,P05,9
Qwen2.5-14B TriviaQA,0,P07,3
Qwen2.5-14B TriviaQA,0,P09,7
Qwen2.5-14B TriviaQA,1,P01,12
Qwen2.5-14B TriviaQA,1,P03,12
Qwen2.5-14B TriviaQA,1,P05,9
Qwen2.5-14B TriviaQA,1,P07,12
Qwen2.5-14B TriviaQA,1,P09,7
Qwen2.5-14B TriviaQA,2,P01,9
Qwen2.5-14B TriviaQA,2,P03,12
Qwen2.5-14B TriviaQA,2,P05,9
Qwen2.5-14B TriviaQA,2,P07,12
Qwen2.5-14B TriviaQA,2,P09,7
Qwen2.5-14B TriviaQA,3,P01,12
Qwen2.5-14B TriviaQA,3,P03,12
Qwen2.5-14B TriviaQA,3,P05,9
Qwen2.5-14B TriviaQA,3,P07,12
Qwen2.5-14B TriviaQA,3,P09,7
Qwen2.5-14B TriviaQA,4,P01,12
Qwen2.5-14B TriviaQA,4,P03,3
Qwen2.5-14B TriviaQA,4,P05,9
Qwen2.5-14B TriviaQA,4,P07,12
Qwen2.5-14B TriviaQA,4,P09,7
