cell,fold,wording,share
Qwen2.5-7B GSM8K,0,P01,0.5771986468643302
Qwen2.5-7B GSM8K,0,P03,0.3090534562915118
Qwen2.5-7B GSM8K,0,P05,0.6938918218089969
Qwen2.5-7B GSM8K,0,P07,0.5026266238934557
Qwen2.5-7B GSM8K,0,P09,0.5085692152183369
Qwen2.5-7B GSM8K,1,P01,0.5894505796776646
Qwen2.5-7B GSM8K,1,P03,0.3072952257808689
Qwen2.5-7B GSM8K,1,P05,0.6883201342651898
Qwen2.5-7B GSM8K,1,P07,0.2689099675446295
Qwen2.5-7B GSM8K,1,P09,0.5102397863236124
Qwen2.5-7B GSM8K,2,P01,0.5649015701399149
Qwen2.5-7B GSM8K,2,P03,0.3047194006276956
Qwen2.5-7B GSM8K,2,P05,0.6716349310310827
Qwen2.5-7B GSM8K,2,P07,0.340935042245769
Qwen2.5-7B GSM8K,2,P09,0.5059580486137824
Qwen2.5-7B GSM8K,3,P01,0.5915082355138134
Qwen2.5-7B GSM8K,3,P03,0.2939288936690611
Qwen2.5-7B GSM8K,3,P05,0.6915030099621038
Qwen2.5-7B GSM8K,3,P07,0.2598621696455188
Qwen2.5-7B GSM8K,3,P09,0.5189964759493175
Qwen2.5-7B GSM8K,4,P01,0.5870177512246517
Qwen2.5-7B GSM8K,4,P03,0.2691371371494535
Qwen2.5-7B GSM8K,4,P05,0.6848684871753666
Qwen2.5-7B GSM8K,4,P07,0.2327330283320085
Qwen2.5-7B GSM8K,4,P09,0.5646231710643306
Qwen2.5-7B MMLU,0,P01,0.6785374224382095
Qwen2.5-7B MMLU,0,P03,0.4673535601111638
Qwen2.5-7B MMLU,0,P05,0.7693868792184313
Qwen2.5-7B MMLU,0,P07,0.4972979049399163
Qwen2.5-7B MMLU,0,P09,0.370418374742921
Qwen2.5-7B MMLU,1,P01,0.69419158960055
Qwen2.5-7B MMLU,1,P03,0.503012411248679
Qwen2.5-7B MMLU,1,P05,0.7719316318260514
Qwen2.5-7B MMLU,1,P07,0.5305894496460716
Qwen2.5-7B MMLU,1,P09,0.4414771782633027
Qwen2.5-7B MMLU,2,P01,0.7336627260285749
Qwen2.5-7B MMLU,2,P03,0.4757615208212219
Qwen2.5-7B MMLU,2,P05,0.6600244810416965
Qwen2.5-7B MMLU,2,P07,0.6627484097807577
Qwen2.5-7B MMLU,2,P09,0.5951199735788426
Qwen2.5-7B MMLU,3,P01,0.4464604919382809
Qwen2.5-7B MMLU,3,P03,0.515461344501729
Qwen2.5-7B MMLU,3,P05,0.7797962095984504
Qwen2.5-7B MMLU,3,P07,0.6739396181396827
Qwen2.5-7B MMLU,3,P09,0.6957040715105273
Qwen2.5-7B MMLU,4,P01,0.6968805305933885
Qwen2.5-7B MMLU,4,P03,0.5171931362710851
Qwen2.5-7B MMLU,4,P05,0.6821276167773612
Qwen2.5-7B MMLU,4,P07,0.5263430468196064
Qwen2.5-7B MMLU,4,P09,0.6922007002113765
Qwen2.5-7B TriviaQA,0,P01,0.7372782722414677
Qwen2.5-7B TriviaQA,0,P03,0.520987546525281
Qwen2.5-7B TriviaQA,0,P05,0.5727327902656092
Qwen2.5-7B TriviaQA,0,P07,0.5498677076469223
Qwen2.5-7B TriviaQA,0,P09,0.6146708795718486
Qwen2.5-7B TriviaQA,1,P01,0.743176562191645
Qwen2.5-7B TriviaQA,1,P03,0.5107626522725468
Qwen2.5-7B TriviaQA,1,P05,0.5891822113132666
Qwen2.5-7B TriviaQA,1,P07,0.5449363210141295
Qwen2.5-7B TriviaQA,1,P09,0.6069803016193314
Qwen2.5-7B TriviaQA,2,P01,0.7098608202487143
Qwen2.5-7B TriviaQA,2,P03,0.4824223417527016
Qwen2.5-7B TriviaQA,2,P05,0.6488962970842184
Qwen2.5-7B TriviaQA,2,P07,0.4880778716459051
Qwen2.5-7B TriviaQA,2,P09,0.6637584887502452
Qwen2.5-7B TriviaQA,3,P01,0.7127583545939108
Qwen2.5-7B TriviaQA,3,P03,0.5103031432388299
Qwen2.5-7B TriviaQA,3,P05,0.5753201526398161
Qwen2.5-7B TriviaQA,3,P07,0.4672657735156016
Qwen2.5-7B TriviaQA,3,P09,0.6077000794023403
Qwen2.5-7B TriviaQA,4,P01,0.7243706862993721
Qwen2.5-7B TriviaQA,4,P03,0.4691695857424101
Qwen2.5-7B TriviaQA,4,P05,0.53083983280024
Qwen2.5-7B TriviaQA,4,P07,0.4830625829716918
Qwen2.5-7B TriviaQA,4,P09,0.6682260725574857
Llama-3.1-8B GSM8K,0,P01,0.5987384086965802
Llama-3.1-8B GSM8K,0,P03,0.4504008048101863
Llama-3.1-8B GSM8K,0,P05,0.1817643354891675
Llama-3.1-8B GSM8K,0,P07,0.6269307693438355
Llama-3.1-8B GSM8K,0,P09,0.414131765500275
Llama-3.1-8B GSM8K,1,P01,0.5845688546976793
Llama-3.1-8B GSM8K,1,P03,0.4445975353868155
Llama-3.1-8B GSM8K,1,P05,0.4970728672837442
Llama-3.1-8B GSM8K,1,P07,0.3657219931964715
Llama-3.1-8B GSM8K,1,P09,0.5178412355590203
Llama-3.1-8B GSM8K,2,P01,0.5658679538696506
Llama-3.1-8B GSM8K,2,P03,0.2093689883229879
Llama-3.1-8B GSM8K,2,P05,0.1707598512350022
Llama-3.1-8B GSM8K,2,P07,0.2822165310217502
Llama-3.1-8B GSM8K,2,P09,0.5094201106582587
Llama-3.1-8B GSM8K,3,P01,0.5507065931246652
Llama-3.1-8B GSM8K,3,P03,0.4141115085156225
Llama-3.1-8B GSM8K,3,P05,0.4733264618690696
Llama-3.1-8B GSM8K,3,P07,0.3622432383936808
Llama-3.1-8B GSM8K,3,P09,0.4996664968888027
Llama-3.1-8B GSM8K,4,P01,0.566905158264114
Llama-3.1-8B GSM8K,4,P03,0.4548227537218817
Llama-3.1-8B GSM8K,4,P05,0.4782107195833912
Llama-3.1-8B GSM8K,4,P07,0.3766915722505298
Llama-3.1-8B GSM8K,4,P09,0.5162993141025336
Llama-3.1-8B MMLU,0,P01,0.4480494953793645
Llama-3.1-8B MMLU,0,P03,0.1833301928937221
Llama-3.1-8B MMLU,0,P05,0.4751672320158869
Llama-3.1-8B MMLU,0,P07,0.149841733483162
Llama-3.1-8B MMLU,0,P09,0.4095773831537879
Llama-3.1-8B MMLU,1,P01,0.4655645493220074
Llama-3.1-8B MMLU,1,P03,0.3876672134072102
Llama-3.1-8B MMLU,1,P05,0.4694977674515581
Llama-3.1-8B MMLU,1,P07,0.1536389911452946
Llama-3.1-8B MMLU,1,P09,0.4502116728478191
Llama-3.1-8B MMLU,2,P01,0.5001065549573398
Llama-3.1-8B MMLU,2,P03,0.2033479516189632
Llama-3.1-8B MMLU,2,P05,0.2340730687842352
Llama-3.1-8B MMLU,2,P07,0.1731993651562667
Llama-3.1-8B MMLU,2,P09,0.2982780235338804
Llama-3.1-8B MMLU,3,P01,0.4606155266348826
Llama-3.1-8B MMLU,3,P03,0.1771683856182178
Llama-3.1-8B MMLU,3,P05,0.184229892299192
Llama-3.1-8B MMLU,3,P07,0.1326929503369869
Llama-3.1-8B MMLU,3,P09,0.2503600550178423
Llama-3.1-8B MMLU,4,P01,0.470145962657442
Llama-3.1-8B MMLU,4,P03,0.379841860236736
Llama-3.1-8B MMLU,4,P05,0.2335280326881307
Llama-3.1-8B MMLU,4,P07,0.2495568528902764
Llama-3.1-8B MMLU,4,P09,0.2766597825979487
Llama-3.1-8B ARC,0,P01,0.6355313367414094
Llama-3.1-8B ARC,0,P03,0.5611321562774486
Llama-3.1-8B ARC,0,P05,0.5139253953933379
Llama-3.1-8B ARC,0,P07,0.5892819217545008
Llama-3.1-8B ARC,0,P09,0.7072490048404506
Llama-3.1-8B ARC,1,P01,0.595638104173869
Llama-3.1-8B ARC,1,P03,0.12719946917219
Llama-3.1-8B ARC,1,P05,0.1611991719851165
Llama-3.1-8B ARC,1,P07,0.5241083235557976
Llama-3.1-8B ARC,1,P09,0.6877917430045005
Llama-3.1-8B ARC,2,P01,0.5513564557968681
Llama-3.1-8B ARC,2,P03,0.4729307215931959
Llama-3.1-8B ARC,2,P05,0.21447758150543
Llama-3.1-8B ARC,2,P07,0.3532323273895044
Llama-3.1-8B ARC,2,P09,0.6590374390820247
Llama-3.1-8B ARC,3,P01,0.5830352752803755
Llama-3.1-8B ARC,3,P03,0.3053210786052646
Llama-3.1-8B ARC,3,P05,0.2259542559657013
Llama-3.1-8B ARC,3,P07,0.5242562249457561
Llama-3.1-8B ARC,3,P09,0.6815608481620443
Llama-3.1-8B ARC,4,P01,0.5558308559564019
Llama-3.1-8B ARC,4,P03,0.3065983760104578
Llama-3.1-8B ARC,4,P05,0.4320763757845508
Llama-3.1-8B ARC,4,P07,0.365002096289017
Llama-3.1-8B ARC,4,P09,0.6779185633520978
Llama-3.1-8B TriviaQA,0,P01,0.5042180391135355
Llama-3.1-8B TriviaQA,0,P03,0.4581361297141572
Llama-3.1-8B TriviaQA,0,P05,0.5780924351369862
Llama-3.1-8B TriviaQA,0,P07,0.5039804108717115
Llama-3.1-8B TriviaQA,0,P09,0.5467897554437452
Llama-3.1-8B TriviaQA,1,P01,0.4968602728758458
Llama-3.1-8B TriviaQA,1,P03,0.4421901063748578
Llama-3.1-8B TriviaQA,1,P05,0.5525707112681633
Llama-3.1-8B TriviaQA,1,P07,0.4851601905804816
Llama-3.1-8B TriviaQA,1,P09,0.5484780916698452
Llama-3.1-8B TriviaQA,2,P01,0.5010293660687378
Llama-3.1-8B TriviaQA,2,P03,0.426275828757985
Llama-3.1-8B TriviaQA,2,P05,0.5485443457359074
Llama-3.1-8B TriviaQA,2,P07,0.4806659376436408
Llama-3.1-8B TriviaQA,2,P09,0.5401225940281545
Llama-3.1-8B TriviaQA,3,P01,0.5368590692304724
Llama-3.1-8B TriviaQA,3,P03,0.4871391475732338
Llama-3.1-8B TriviaQA,3,P05,0.5909189212893176
Llama-3.1-8B TriviaQA,3,P07,0.5280423013595502
Llama-3.1-8B TriviaQA,3,P09,0.5824154770249298
Llama-3.1-8B TriviaQA,4,P01,0.0733613606036688
Llama-3.1-8B TriviaQA,4,P03,0.4557175938589994
Llama-3.1-8B TriviaQA,4,P05,0.5576221469238437
Llama-3.1-8B TriviaQA,4,P07,0.4932393023085468
Llama-3.1-8B TriviaQA,4,P09,0.5420097832599008
Mistral-7B GSM8K,0,P01,0.3861575662306832
Mistral-7B GSM8K,0,P03,0.4018196447444842
Mistral-7B GSM8K,0,P05,0.4446893440473473
Mistral-7B GSM8K,0,P07,0.4370237724151649
Mistral-7B GSM8K,0,P09,0.4897698899380588
Mistral-7B GSM8K,1,P01,0.3964295300339494
Mistral-7B GSM8K,1,P03,0.0038627558401849
Mistral-7B GSM8K,1,P05,0.4574245283097026
Mistral-7B GSM8K,1,P07,0.4489683261964268
Mistral-7B GSM8K,1,P09,0.5065391324292335
Mistral-7B GSM8K,2,P01,0.4042169550403657
Mistral-7B GSM8K,2,P03,0.0042392636276252
Mistral-7B GSM8K,2,P05,0.4489417382209724
Mistral-7B GSM8K,2,P07,0.4436372170267218
Mistral-7B GSM8K,2,P09,0.503245567258702
Mistral-7B GSM8K,3,P01,0.3940507025251521
Mistral-7B GSM8K,3,P03,0.0031648704157041
Mistral-7B GSM8K,3,P05,0.4527843749569322
Mistral-7B GSM8K,3,P07,0.4396812340805169
Mistral-7B GSM8K,3,P09,0.4961508364674523
Mistral-7B GSM8K,4,P01,0.4100844433287978
Mistral-7B GSM8K,4,P03,0.0042496512334827
Mistral-7B GSM8K,4,P05,0.4556854748683647
Mistral-7B GSM8K,4,P07,0.4526353089505142
Mistral-7B GSM8K,4,P09,0.5117317032446456
Mistral-7B MMLU,0,P01,0.1575805621942117
Mistral-7B MMLU,0,P03,0.0878979731970603
Mistral-7B MMLU,0,P05,0.151590636336249
Mistral-7B MMLU,0,P07,0.4750232181085406
Mistral-7B MMLU,0,P09,0.660440253420116
Mistral-7B MMLU,1,P01,0.167871454157587
Mistral-7B MMLU,1,P03,0.0926419083627638
Mistral-7B MMLU,1,P05,0.5288748828524382
Mistral-7B MMLU,1,P07,0.4440549915987286
Mistral-7B MMLU,1,P09,0.6239796809671958
Mistral-7B MMLU,2,P01,0.1930785291194022
Mistral-7B MMLU,2,P03,0.117446330383436
Mistral-7B MMLU,2,P05,0.1779993419346003
Mistral-7B MMLU,2,P07,0.494046433465077
Mistral-7B MMLU,2,P09,0.6974494015691483
Mistral-7B MMLU,3,P01,0.1651605309826776
Mistral-7B MMLU,3,P03,0.0909184368728843
Mistral-7B MMLU,3,P05,0.5623585236578039
Mistral-7B MMLU,3,P07,0.492309923023127
Mistral-7B MMLU,3,P09,0.6635693505083748
Mistral-7B MMLU,4,P01,0.1662040318247966
Mistral-7B MMLU,4,P03,0.1041860084917773
Mistral-7B MMLU,4,P05,0.4809052517573305
Mistral-7B MMLU,4,P07,0.4748788696142689
Mistral-7B MMLU,4,P09,0.6451852903874946
Mistral-7B ARC,0,P01,0.6051664330814095
Mistral-7B ARC,0,P03,0.5245589856557853
Mistral-7B ARC,0,P05,0.6140074966264729
Mistral-7B ARC,0,P07,0.4883020226221327
Mistral-7B ARC,0,P09,0.7308897794593213
Mistral-7B ARC,1,P01,0.5797999946835715
Mistral-7B ARC,1,P03,0.4952207846006379
Mistral-7B ARC,1,P05,0.569158425615377
Mistral-7B ARC,1,P07,0.4497006334998626
Mistral-7B ARC,1,P09,0.7096462740719492
Mistral-7B ARC,2,P01,0.6103305316940036
Mistral-7B ARC,2,P03,0.5318863502137937
Mistral-7B ARC,2,P05,0.5977802133020552
Mistral-7B ARC,2,P07,0.4912328858536021
Mistral-7B ARC,2,P09,0.7186130895100128
Mistral-7B ARC,3,P01,0.6107314373487566
Mistral-7B ARC,3,P03,0.5493169491628592
Mistral-7B ARC,3,P05,0.5981271090140068
Mistral-7B ARC,3,P07,0.5162868113412713
Mistral-7B ARC,3,P09,0.7304510784393581
Mistral-7B ARC,4,P01,0.5110924922428064
Mistral-7B ARC,4,P03,0.3967272128245399
Mistral-7B ARC,4,P05,0.4475145641316976
Mistral-7B ARC,4,P07,0.3467146065185037
Mistral-7B ARC,4,P09,0.6639165765579145
Mistral-7B TriviaQA,0,P01,0.5493886420238973
Mistral-7B TriviaQA,0,P03,0.5618813640401861
Mistral-7B TriviaQA,0,P05,0.5765365969715425
Mistral-7B TriviaQA,0,P07,0.5883500275880187
Mistral-7B TriviaQA,0,P09,0.6118070235600308
Mistral-7B TriviaQA,1,P01,0.6112846475468485
Mistral-7B TriviaQA,1,P03,0.5757609813275859
Mistral-7B TriviaQA,1,P05,0.5732083932166852
Mistral-7B TriviaQA,1,P07,0.6117259549164816
Mistral-7B TriviaQA,1,P09,0.6519613697254647
Mistral-7B TriviaQA,2,P01,0.5316194361962181
Mistral-7B TriviaQA,2,P03,0.5317724014840117
Mistral-7B TriviaQA,2,P05,0.5616215671572665
Mistral-7B TriviaQA,2,P07,0.5829238398582871
Mistral-7B TriviaQA,2,P09,0.5864378352869244
Mistral-7B TriviaQA,3,P01,0.5084310478432684
Mistral-7B TriviaQA,3,P03,0.5553800955853236
Mistral-7B TriviaQA,3,P05,0.59394610328897
Mistral-7B TriviaQA,3,P07,0.1928028305594088
Mistral-7B TriviaQA,3,P09,0.5950035772371627
Mistral-7B TriviaQA,4,P01,0.3503438429978455
Mistral-7B TriviaQA,4,P03,0.1922640273841731
Mistral-7B TriviaQA,4,P05,0.6044311380978048
Mistral-7B TriviaQA,4,P07,0.1881450363958285
Mistral-7B TriviaQA,4,P09,0.6105642369846079
Qwen2.5-14B GSM8K,0,P01,0.3577724790614839
Qwen2.5-14B GSM8K,0,P03,0.3041964999208577
Qwen2.5-14B GSM8K,0,P05,0.3585183165417467
Qwen2.5-14B GSM8K,0,P07,0.3485412251970237
Qwen2.5-14B GSM8K,0,P09,0.3791752377623932
Qwen2.5-14B GSM8K,1,P01,0.3766471050393948
Qwen2.5-14B GSM8K,1,P03,0.3106647766296169
Qwen2.5-14B GSM8K,1,P05,0.3803765935862816
Qwen2.5-14B GSM8K,1,P07,0.3814980784486466
Qwen2.5-14B GSM8K,1,P09,0.3926126862595158
Qwen2.5-14B GSM8K,2,P01,0.3280669502342905
Qwen2.5-14B GSM8K,2,P03,0.2783284233684754
Qwen2.5-14B GSM8K,2,P05,0.3283215082292633
Qwen2.5-14B GSM8K,2,P07,0.3355192323179997
Qwen2.5-14B GSM8K,2,P09,0.3745578841750765
Qwen2.5-14B GSM8K,3,P01,0.3485288663700026
Qwen2.5-14B GSM8K,3,P03,0.2850737718117042
Qwen2.5-14B GSM8K,3,P05,0.3546131210265024
Qwen2.5-14B GSM8K,3,P07,0.310336074061088
Qwen2.5-14B GSM8K,3,P09,0.3834533439483721
Qwen2.5-14B GSM8K,4,P01,0.3801171045864477
Qwen2.5-14B GSM8K,4,P03,0.3215800862424314
Qwen2.5-14B GSM8K,4,P05,0.3928322687141775
Qwen2.5-14B GSM8K,4,P07,0.3515744083802668
Qwen2.5-14B GSM8K,4,P09,0.4080403958738926
Qwen2.5-14B MMLU,0,P01,0.557210157298312
Qwen2.5-14B MMLU,0,P03,0.5161931247459407
Qwen2.5-14B MMLU,0,P05,0.4058158806066448
Qwen2.5-14B MMLU,0,P07,0.5340256111794128
Qwen2.5-14B MMLU,0,P09,0.4547829253473566
Qwen2.5-14B MMLU,1,P01,0.6850651848509236
Qwen2.5-14B MMLU,1,P03,0.55254214608775
Qwen2.5-14B MMLU,1,P05,0.4394430468904864
Qwen2.5-14B MMLU,1,P07,0.5482838814302403
Qwen2.5-14B MMLU,1,P09,0.6625099027808173
Qwen2.5-14B MMLU,2,P01,0.7104237755464089
Qwen2.5-14B MMLU,2,P03,0.5494893092259671
Qwen2.5-14B MMLU,2,P05,0.6239277005202811
Qwen2.5-14B MMLU,2,P07,0.5461508925659929
Qwen2.5-14B MMLU,2,P09,0.4689395228473529
Qwen2.5-14B MMLU,3,P01,0.6573014075433821
Qwen2.5-14B MMLU,3,P03,0.5214856547457137
Qwen2.5-14B MMLU,3,P05,0.6002456938149469
Qwen2.5-14B MMLU,3,P07,0.5439707700120047
Qwen2.5-14B MMLU,3,P09,0.4595289127538
Qwen2.5-14B MMLU,4,P01,0.5390961611535791
Qwen2.5-14B MMLU,4,P03,0.5106590945888642
Qwen2.5-14B MMLU,4,P05,0.5879350662468165
Qwen2.5-14B MMLU,4,P07,0.5203339151468186
Qwen2.5-14B MMLU,4,P09,0.4315233463158519
Qwen2.5-14B TriviaQA,0,P01,0.6730342489636035
Qwen2.5-14B TriviaQA,0,P03,0.6407122076051059
Qwen2.5-14B TriviaQA,0,P05,0.6557779497703058
Qwen2.5-14B TriviaQA,0,P07,0.39785742579714
Qwen2.5-14B TriviaQA,0,P09,0.6061109315008867
Qwen2.5-14B TriviaQA,1,P01,0.6691757283417763
Qwen2.5-14B TriviaQA,1,P03,0.6459866454978368
Qwen2.5-14B TriviaQA,1,P05,0.6541703041398939
Qwen2.5-14B TriviaQA,1,P07,0.648133681612295
Qwen2.5-14B TriviaQA,1,P09,0.609543475065711
Qwen2.5-14B TriviaQA,2,P01,0.6462324471666314
Qwen2.5-14B TriviaQA,2,P03,0.6448776640632173
Qwen2.5-14B TriviaQA,2,P05,0.6519933566153493
Qwen2.5-14B TriviaQA,2,P07,0.64891474522674
Qwen2.5-14B TriviaQA,2,P09,0.6112165267707194
Qwen2.5-14B TriviaQA,3,P01,0.6769964306843966
Qwen2.5-14B TriviaQA,3,P03,0.6546064289478755
Qwen2.5-14B TriviaQA,3,P05,0.6627410418087665
Qwen2.5-14B TriviaQA,3,P07,0.6523781160064053
Qwen2.5-14B TriviaQA,3,P09,0.6142655034964183
Qwen2.5-14B TriviaQA,4,P01,0.6733716524078149
Qwen2.5-14B TriviaQA,4,P03,0.4114818180023052
Qwen2.5-14B TriviaQA,4,P05,0.6565152518602543
Qwen2.5-14B TriviaQA,4,P07,0.6546659544351534
Qwen2.5-14B TriviaQA,4,P09,0.6162749631473077
