cell,model,subspace,condition,auroc,kept_pairs
Qwen2.5-7B GSM8K,Qwen2.5-7B,identical_verdict_pairs,false_means_correct,0.8692923076923076,
Qwen2.5-7B GSM8K,Qwen2.5-7B,identical_verdict_pairs,negated,0.8717702564102565,
Qwen2.5-7B GSM8K,Qwen2.5-7B,identical_verdict_pairs,no_means_correct,0.8668061538461538,
Qwen2.5-7B GSM8K,Qwen2.5-7B,identical_verdict_pairs,zero_means_correct,0.8710153846153845,
Qwen2.5-7B GSM8K,Qwen2.5-7B,verdict_regressed_out,false_means_correct,0.8610133333333334,
Qwen2.5-7B GSM8K,Qwen2.5-7B,verdict_regressed_out,negated,0.8581989743589743,
Qwen2.5-7B GSM8K,Qwen2.5-7B,verdict_regressed_out,no_means_correct,0.8654358974358974,
Qwen2.5-7B GSM8K,Qwen2.5-7B,verdict_regressed_out,zero_means_correct,0.8758071794871795,
Qwen2.5-7B GSM8K,Qwen2.5-7B,none,false_means_correct,0.6045374358974358,
Qwen2.5-7B GSM8K,Qwen2.5-7B,none,negated,0.4782851282051282,
Qwen2.5-7B GSM8K,Qwen2.5-7B,none,no_means_correct,0.5506051282051281,
Qwen2.5-7B GSM8K,Qwen2.5-7B,none,zero_means_correct,0.8386051282051282,
Qwen2.5-7B GSM8K,Qwen2.5-7B,all_pairs,false_means_correct,0.8594215384615385,
Qwen2.5-7B GSM8K,Qwen2.5-7B,all_pairs,negated,0.8663138461538461,
Qwen2.5-7B GSM8K,Qwen2.5-7B,all_pairs,no_means_correct,0.8576820512820513,
Qwen2.5-7B GSM8K,Qwen2.5-7B,all_pairs,zero_means_correct,0.8748471794871795,
Qwen2.5-7B GSM8K,Qwen2.5-7B,identical_verdict_pairs,,,4441.0
Qwen2.5-7B MMLU,Qwen2.5-7B,identical_verdict_pairs,false_means_correct,0.7558159300631375,
Qwen2.5-7B MMLU,Qwen2.5-7B,identical_verdict_pairs,negated,0.7661364740165129,
Qwen2.5-7B MMLU,Qwen2.5-7B,identical_verdict_pairs,no_means_correct,0.7524951432734337,
Qwen2.5-7B MMLU,Qwen2.5-7B,identical_verdict_pairs,zero_means_correct,0.7754796017484216,
Qwen2.5-7B MMLU,Qwen2.5-7B,verdict_regressed_out,false_means_correct,0.7511716852841185,
Qwen2.5-7B MMLU,Qwen2.5-7B,verdict_regressed_out,negated,0.7680366682855755,
Qwen2.5-7B MMLU,Qwen2.5-7B,verdict_regressed_out,no_means_correct,0.7524708596406022,
Qwen2.5-7B MMLU,Qwen2.5-7B,verdict_regressed_out,zero_means_correct,0.7669864011656145,
Qwen2.5-7B MMLU,Qwen2.5-7B,none,false_means_correct,0.5595798931520155,
Qwen2.5-7B MMLU,Qwen2.5-7B,none,negated,0.7330925206410879,
Qwen2.5-7B MMLU,Qwen2.5-7B,none,no_means_correct,0.693200582807188,
Qwen2.5-7B MMLU,Qwen2.5-7B,none,zero_means_correct,0.7283207867897038,
Qwen2.5-7B MMLU,Qwen2.5-7B,all_pairs,false_means_correct,0.7571151044196212,
Qwen2.5-7B MMLU,Qwen2.5-7B,all_pairs,negated,0.7674235065565809,
Qwen2.5-7B MMLU,Qwen2.5-7B,all_pairs,no_means_correct,0.7559737736765421,
Qwen2.5-7B MMLU,Qwen2.5-7B,all_pairs,zero_means_correct,0.7780111704711025,
Qwen2.5-7B TriviaQA,Qwen2.5-7B,identical_verdict_pairs,false_means_correct,0.8389666742349707,
Qwen2.5-7B TriviaQA,Qwen2.5-7B,identical_verdict_pairs,negated,0.8410302984434521,
Qwen2.5-7B TriviaQA,Qwen2.5-7B,identical_verdict_pairs,no_means_correct,0.8024723126214083,
Qwen2.5-7B TriviaQA,Qwen2.5-7B,identical_verdict_pairs,zero_means_correct,0.8429728297888444,
Qwen2.5-7B TriviaQA,Qwen2.5-7B,verdict_regressed_out,false_means_correct,0.8443754887862964,
Qwen2.5-7B TriviaQA,Qwen2.5-7B,verdict_regressed_out,negated,0.8472817175004416,
Qwen2.5-7B TriviaQA,Qwen2.5-7B,verdict_regressed_out,no_means_correct,0.8266252932717777,
Qwen2.5-7B TriviaQA,Qwen2.5-7B,verdict_regressed_out,zero_means_correct,0.8439718459093317,
Qwen2.5-7B TriviaQA,Qwen2.5-7B,none,false_means_correct,0.5432326748908902,
Qwen2.5-7B TriviaQA,Qwen2.5-7B,none,negated,0.6839627639446,
Qwen2.5-7B TriviaQA,Qwen2.5-7B,none,no_means_correct,0.4842049496707788,
Qwen2.5-7B TriviaQA,Qwen2.5-7B,none,zero_means_correct,0.7070965463306339,
Qwen2.5-7B TriviaQA,Qwen2.5-7B,all_pairs,false_means_correct,0.8305709023941068,
Qwen2.5-7B TriviaQA,Qwen2.5-7B,all_pairs,negated,0.8346073311637529,
Qwen2.5-7B TriviaQA,Qwen2.5-7B,all_pairs,no_means_correct,0.801049471480108,
Qwen2.5-7B TriviaQA,Qwen2.5-7B,all_pairs,zero_means_correct,0.8389364010191983,
Llama-3.1-8B GSM8K,Llama-3.1-8B,identical_verdict_pairs,false_means_correct,0.96558784511026,
Llama-3.1-8B GSM8K,Llama-3.1-8B,identical_verdict_pairs,negated,0.9655427899176492,
Llama-3.1-8B GSM8K,Llama-3.1-8B,identical_verdict_pairs,no_means_correct,0.9671097093940076,
Llama-3.1-8B GSM8K,Llama-3.1-8B,identical_verdict_pairs,zero_means_correct,0.9692673525068208,
Llama-3.1-8B GSM8K,Llama-3.1-8B,verdict_regressed_out,false_means_correct,0.9690170458812044,
Llama-3.1-8B GSM8K,Llama-3.1-8B,verdict_regressed_out,negated,0.9674301018747966,
Llama-3.1-8B GSM8K,Llama-3.1-8B,verdict_regressed_out,no_means_correct,0.9708793271757904,
Llama-3.1-8B GSM8K,Llama-3.1-8B,verdict_regressed_out,zero_means_correct,0.9704638181772672,
Llama-3.1-8B GSM8K,Llama-3.1-8B,none,false_means_correct,0.9559560461565418,
Llama-3.1-8B GSM8K,Llama-3.1-8B,none,negated,0.9438662361392705,
Llama-3.1-8B GSM8K,Llama-3.1-8B,none,no_means_correct,0.9621836750018772,
Llama-3.1-8B GSM8K,Llama-3.1-8B,none,zero_means_correct,0.9641711096092712,
Llama-3.1-8B GSM8K,Llama-3.1-8B,all_pairs,false_means_correct,0.9677454882230732,
Llama-3.1-8B GSM8K,Llama-3.1-8B,all_pairs,negated,0.965357563014693,
Llama-3.1-8B GSM8K,Llama-3.1-8B,all_pairs,no_means_correct,0.9713749342945108,
Llama-3.1-8B GSM8K,Llama-3.1-8B,all_pairs,zero_means_correct,0.972005706991064,
Llama-3.1-8B GSM8K,Llama-3.1-8B,identical_verdict_pairs,,,6570.0
Llama-3.1-8B MMLU,Llama-3.1-8B,identical_verdict_pairs,false_means_correct,0.6928481158088234,
Llama-3.1-8B MMLU,Llama-3.1-8B,identical_verdict_pairs,negated,0.6954790900735294,
Llama-3.1-8B MMLU,Llama-3.1-8B,identical_verdict_pairs,no_means_correct,0.6931525735294117,
Llama-3.1-8B MMLU,Llama-3.1-8B,identical_verdict_pairs,zero_means_correct,0.7041015625,
Llama-3.1-8B MMLU,Llama-3.1-8B,verdict_regressed_out,false_means_correct,0.6895795036764706,
Llama-3.1-8B MMLU,Llama-3.1-8B,verdict_regressed_out,negated,0.7051642922794118,
Llama-3.1-8B MMLU,Llama-3.1-8B,verdict_regressed_out,no_means_correct,0.6953125,
Llama-3.1-8B MMLU,Llama-3.1-8B,verdict_regressed_out,zero_means_correct,0.7108226102941176,
Llama-3.1-8B MMLU,Llama-3.1-8B,none,false_means_correct,0.6776079963235294,
Llama-3.1-8B MMLU,Llama-3.1-8B,none,negated,0.6640854779411764,
Llama-3.1-8B MMLU,Llama-3.1-8B,none,no_means_correct,0.6870404411764707,
Llama-3.1-8B MMLU,Llama-3.1-8B,none,zero_means_correct,0.6999195772058824,
Llama-3.1-8B MMLU,Llama-3.1-8B,all_pairs,false_means_correct,0.6893210018382353,
Llama-3.1-8B MMLU,Llama-3.1-8B,all_pairs,negated,0.7027745863970589,
Llama-3.1-8B MMLU,Llama-3.1-8B,all_pairs,no_means_correct,0.6941808363970589,
Llama-3.1-8B MMLU,Llama-3.1-8B,all_pairs,zero_means_correct,0.7084903492647059,
Llama-3.1-8B ARC,Llama-3.1-8B,identical_verdict_pairs,false_means_correct,0.6993227292077867,
Llama-3.1-8B ARC,Llama-3.1-8B,identical_verdict_pairs,negated,0.7277835829559967,
Llama-3.1-8B ARC,Llama-3.1-8B,identical_verdict_pairs,no_means_correct,0.7072951739618407,
Llama-3.1-8B ARC,Llama-3.1-8B,identical_verdict_pairs,zero_means_correct,0.7258020821239212,
Llama-3.1-8B ARC,Llama-3.1-8B,verdict_regressed_out,false_means_correct,0.6933472657610589,
Llama-3.1-8B ARC,Llama-3.1-8B,verdict_regressed_out,negated,0.7339912535314834,
Llama-3.1-8B ARC,Llama-3.1-8B,verdict_regressed_out,no_means_correct,0.7122024846162776,
Llama-3.1-8B ARC,Llama-3.1-8B,verdict_regressed_out,zero_means_correct,0.7327063740856844,
Llama-3.1-8B ARC,Llama-3.1-8B,none,false_means_correct,0.6731994272224158,
Llama-3.1-8B ARC,Llama-3.1-8B,none,negated,0.7176206509539844,
Llama-3.1-8B ARC,Llama-3.1-8B,none,no_means_correct,0.7060412554665427,
Llama-3.1-8B ARC,Llama-3.1-8B,none,zero_means_correct,0.7459189597120632,
Llama-3.1-8B ARC,Llama-3.1-8B,all_pairs,false_means_correct,0.6946321452068579,
Llama-3.1-8B ARC,Llama-3.1-8B,all_pairs,negated,0.732435465768799,
Llama-3.1-8B ARC,Llama-3.1-8B,all_pairs,no_means_correct,0.7108479430318511,
Llama-3.1-8B ARC,Llama-3.1-8B,all_pairs,zero_means_correct,0.7324277255311739,
Llama-3.1-8B TriviaQA,Llama-3.1-8B,identical_verdict_pairs,false_means_correct,0.837534706331045,
Llama-3.1-8B TriviaQA,Llama-3.1-8B,identical_verdict_pairs,negated,0.8412997711670481,
Llama-3.1-8B TriviaQA,Llama-3.1-8B,identical_verdict_pairs,no_means_correct,0.8337818459191458,
Llama-3.1-8B TriviaQA,Llama-3.1-8B,identical_verdict_pairs,zero_means_correct,0.8451502669717772,
Llama-3.1-8B TriviaQA,Llama-3.1-8B,verdict_regressed_out,false_means_correct,0.8405675057208237,
Llama-3.1-8B TriviaQA,Llama-3.1-8B,verdict_regressed_out,negated,0.8429961861174675,
Llama-3.1-8B TriviaQA,Llama-3.1-8B,verdict_regressed_out,no_means_correct,0.8351243325705567,
Llama-3.1-8B TriviaQA,Llama-3.1-8B,verdict_regressed_out,zero_means_correct,0.8448695652173912,
Llama-3.1-8B TriviaQA,Llama-3.1-8B,none,false_means_correct,0.8111365369946606,
Llama-3.1-8B TriviaQA,Llama-3.1-8B,none,negated,0.726462242562929,
Llama-3.1-8B TriviaQA,Llama-3.1-8B,none,no_means_correct,0.7321983218916858,
Llama-3.1-8B TriviaQA,Llama-3.1-8B,none,zero_means_correct,0.842086956521739,
Llama-3.1-8B TriviaQA,Llama-3.1-8B,all_pairs,false_means_correct,0.8379618611746759,
Llama-3.1-8B TriviaQA,Llama-3.1-8B,all_pairs,negated,0.84055530129672,
Llama-3.1-8B TriviaQA,Llama-3.1-8B,all_pairs,no_means_correct,0.8348314263920671,
Llama-3.1-8B TriviaQA,Llama-3.1-8B,all_pairs,zero_means_correct,0.8428497330282229,
Mistral-7B GSM8K,Mistral-7B,identical_verdict_pairs,false_means_correct,0.8195109577922078,
Mistral-7B GSM8K,Mistral-7B,identical_verdict_pairs,negated,0.8236759334415584,
Mistral-7B GSM8K,Mistral-7B,identical_verdict_pairs,no_means_correct,0.804788961038961,
Mistral-7B GSM8K,Mistral-7B,identical_verdict_pairs,zero_means_correct,0.8392502029220779,
Mistral-7B GSM8K,Mistral-7B,verdict_regressed_out,false_means_correct,0.823909293831169,
Mistral-7B GSM8K,Mistral-7B,verdict_regressed_out,negated,0.8263900162337663,
Mistral-7B GSM8K,Mistral-7B,verdict_regressed_out,no_means_correct,0.8070870535714286,
Mistral-7B GSM8K,Mistral-7B,verdict_regressed_out,zero_means_correct,0.8396966314935066,
Mistral-7B GSM8K,Mistral-7B,none,false_means_correct,0.7892146915584417,
Mistral-7B GSM8K,Mistral-7B,none,negated,0.7443029626623378,
Mistral-7B GSM8K,Mistral-7B,none,no_means_correct,0.7381899350649352,
Mistral-7B GSM8K,Mistral-7B,none,zero_means_correct,0.8054078733766235,
Mistral-7B GSM8K,Mistral-7B,all_pairs,false_means_correct,0.8178317775974027,
Mistral-7B GSM8K,Mistral-7B,all_pairs,negated,0.8167258522727273,
Mistral-7B GSM8K,Mistral-7B,all_pairs,no_means_correct,0.7924005681818181,
Mistral-7B GSM8K,Mistral-7B,all_pairs,zero_means_correct,0.8365056818181819,
Mistral-7B GSM8K,Mistral-7B,identical_verdict_pairs,,,7371.0
Mistral-7B MMLU,Mistral-7B,identical_verdict_pairs,false_means_correct,0.7328333333333334,
Mistral-7B MMLU,Mistral-7B,identical_verdict_pairs,negated,0.7413125,
Mistral-7B MMLU,Mistral-7B,identical_verdict_pairs,no_means_correct,0.726203125,
Mistral-7B MMLU,Mistral-7B,identical_verdict_pairs,zero_means_correct,0.7069479166666667,
Mistral-7B MMLU,Mistral-7B,verdict_regressed_out,false_means_correct,0.7255833333333332,
Mistral-7B MMLU,Mistral-7B,verdict_regressed_out,negated,0.7376979166666666,
Mistral-7B MMLU,Mistral-7B,verdict_regressed_out,no_means_correct,0.722046875,
Mistral-7B MMLU,Mistral-7B,verdict_regressed_out,zero_means_correct,0.7097135416666667,
Mistral-7B MMLU,Mistral-7B,none,false_means_correct,0.6996197916666667,
Mistral-7B MMLU,Mistral-7B,none,negated,0.7048802083333334,
Mistral-7B MMLU,Mistral-7B,none,no_means_correct,0.7061666666666666,
Mistral-7B MMLU,Mistral-7B,none,zero_means_correct,0.70475,
Mistral-7B MMLU,Mistral-7B,all_pairs,false_means_correct,0.7179010416666667,
Mistral-7B MMLU,Mistral-7B,all_pairs,negated,0.7366354166666667,
Mistral-7B MMLU,Mistral-7B,all_pairs,no_means_correct,0.7204166666666666,
Mistral-7B MMLU,Mistral-7B,all_pairs,zero_means_correct,0.7092343750000001,
Mistral-7B ARC,Mistral-7B,identical_verdict_pairs,false_means_correct,0.6509122439394488,
Mistral-7B ARC,Mistral-7B,identical_verdict_pairs,negated,0.6835940604790636,
Mistral-7B ARC,Mistral-7B,identical_verdict_pairs,no_means_correct,0.6874381299902452,
Mistral-7B ARC,Mistral-7B,identical_verdict_pairs,zero_means_correct,0.714057588785722,
Mistral-7B ARC,Mistral-7B,verdict_regressed_out,false_means_correct,0.6479135806929441,
Mistral-7B ARC,Mistral-7B,verdict_regressed_out,negated,0.6876404494382022,
Mistral-7B ARC,Mistral-7B,verdict_regressed_out,no_means_correct,0.6805664944542795,
Mistral-7B ARC,Mistral-7B,verdict_regressed_out,zero_means_correct,0.7033707865168539,
Mistral-7B ARC,Mistral-7B,none,false_means_correct,0.6333032262726255,
Mistral-7B ARC,Mistral-7B,none,negated,0.6461505112178909,
Mistral-7B ARC,Mistral-7B,none,no_means_correct,0.685544998012934,
Mistral-7B ARC,Mistral-7B,none,zero_means_correct,0.7341377939954478,
Mistral-7B ARC,Mistral-7B,all_pairs,false_means_correct,0.6436215181184292,
Mistral-7B ARC,Mistral-7B,all_pairs,negated,0.6871491022074496,
Mistral-7B ARC,Mistral-7B,all_pairs,no_means_correct,0.6784204631670219,
Mistral-7B ARC,Mistral-7B,all_pairs,zero_means_correct,0.7040716788901333,
Mistral-7B TriviaQA,Mistral-7B,identical_verdict_pairs,false_means_correct,0.7710342289289658,
Mistral-7B TriviaQA,Mistral-7B,identical_verdict_pairs,negated,0.7970310391363024,
Mistral-7B TriviaQA,Mistral-7B,identical_verdict_pairs,no_means_correct,0.7912710096920623,
Mistral-7B TriviaQA,Mistral-7B,identical_verdict_pairs,zero_means_correct,0.8005582137161085,
Mistral-7B TriviaQA,Mistral-7B,verdict_regressed_out,false_means_correct,0.7745614035087719,
Mistral-7B TriviaQA,Mistral-7B,verdict_regressed_out,negated,0.7900134952766532,
Mistral-7B TriviaQA,Mistral-7B,verdict_regressed_out,no_means_correct,0.7904735615261931,
Mistral-7B TriviaQA,Mistral-7B,verdict_regressed_out,zero_means_correct,0.7956753772543247,
Mistral-7B TriviaQA,Mistral-7B,none,false_means_correct,0.7386210280947123,
Mistral-7B TriviaQA,Mistral-7B,none,negated,0.622500306710833,
Mistral-7B TriviaQA,Mistral-7B,none,no_means_correct,0.6837136547662863,
Mistral-7B TriviaQA,Mistral-7B,none,zero_means_correct,0.7855293828978039,
Mistral-7B TriviaQA,Mistral-7B,all_pairs,false_means_correct,0.772132253711201,
Mistral-7B TriviaQA,Mistral-7B,all_pairs,negated,0.7939209912894123,
Mistral-7B TriviaQA,Mistral-7B,all_pairs,no_means_correct,0.7881057538952276,
Mistral-7B TriviaQA,Mistral-7B,all_pairs,zero_means_correct,0.7940927493559073,
Qwen2.5-14B GSM8K,Qwen2.5-14B,identical_verdict_pairs,false_means_correct,0.9498185117967332,
Qwen2.5-14B GSM8K,Qwen2.5-14B,identical_verdict_pairs,negated,0.9402097197015528,
Qwen2.5-14B GSM8K,Qwen2.5-14B,identical_verdict_pairs,no_means_correct,0.9269610808630772,
Qwen2.5-14B GSM8K,Qwen2.5-14B,identical_verdict_pairs,zero_means_correct,0.9386267392619478,
Qwen2.5-14B GSM8K,Qwen2.5-14B,verdict_regressed_out,false_means_correct,0.9503125630167372,
Qwen2.5-14B GSM8K,Qwen2.5-14B,verdict_regressed_out,negated,0.9352692075015124,
Qwen2.5-14B GSM8K,Qwen2.5-14B,verdict_regressed_out,no_means_correct,0.9132889695503126,
Qwen2.5-14B GSM8K,Qwen2.5-14B,verdict_regressed_out,zero_means_correct,0.9395946763460374,
Qwen2.5-14B GSM8K,Qwen2.5-14B,none,false_means_correct,0.8923573301068763,
Qwen2.5-14B GSM8K,Qwen2.5-14B,none,negated,0.8177152651744304,
Qwen2.5-14B GSM8K,Qwen2.5-14B,none,no_means_correct,0.7275862068965517,
Qwen2.5-14B GSM8K,Qwen2.5-14B,none,zero_means_correct,0.9365093768905022,
Qwen2.5-14B GSM8K,Qwen2.5-14B,all_pairs,false_means_correct,0.9498185117967332,
Qwen2.5-14B GSM8K,Qwen2.5-14B,all_pairs,negated,0.939493849566445,
Qwen2.5-14B GSM8K,Qwen2.5-14B,all_pairs,no_means_correct,0.9281306715063522,
Qwen2.5-14B GSM8K,Qwen2.5-14B,all_pairs,zero_means_correct,0.938173018753781,
Qwen2.5-14B GSM8K,Qwen2.5-14B,identical_verdict_pairs,,,6863.0
Qwen2.5-14B MMLU,Qwen2.5-14B,identical_verdict_pairs,false_means_correct,0.6905583678478294,
Qwen2.5-14B MMLU,Qwen2.5-14B,identical_verdict_pairs,negated,0.719473845681853,
Qwen2.5-14B MMLU,Qwen2.5-14B,identical_verdict_pairs,no_means_correct,0.6638671575395,
Qwen2.5-14B MMLU,Qwen2.5-14B,identical_verdict_pairs,zero_means_correct,0.7358874060438717,
Qwen2.5-14B MMLU,Qwen2.5-14B,verdict_regressed_out,false_means_correct,0.6628470624328886,
Qwen2.5-14B MMLU,Qwen2.5-14B,verdict_regressed_out,negated,0.6726338395459427,
Qwen2.5-14B MMLU,Qwen2.5-14B,verdict_regressed_out,no_means_correct,0.5773661604540574,
Qwen2.5-14B MMLU,Qwen2.5-14B,verdict_regressed_out,zero_means_correct,0.734115661911336,
Qwen2.5-14B MMLU,Qwen2.5-14B,none,false_means_correct,0.5375364319680933,
Qwen2.5-14B MMLU,Qwen2.5-14B,none,negated,0.4414404049700874,
Qwen2.5-14B MMLU,Qwen2.5-14B,none,no_means_correct,0.4317456665132688,
Qwen2.5-14B MMLU,Qwen2.5-14B,none,zero_means_correct,0.7252185918085596,
Qwen2.5-14B MMLU,Qwen2.5-14B,all_pairs,false_means_correct,0.6838625556066882,
Qwen2.5-14B MMLU,Qwen2.5-14B,all_pairs,negated,0.7119036662064734,
Qwen2.5-14B MMLU,Qwen2.5-14B,all_pairs,no_means_correct,0.6507593189139439,
Qwen2.5-14B MMLU,Qwen2.5-14B,all_pairs,zero_means_correct,0.7339315845988648,
Qwen2.5-14B TriviaQA,Qwen2.5-14B,identical_verdict_pairs,false_means_correct,0.7306666666666668,
Qwen2.5-14B TriviaQA,Qwen2.5-14B,identical_verdict_pairs,negated,0.7709858012170384,
Qwen2.5-14B TriviaQA,Qwen2.5-14B,identical_verdict_pairs,no_means_correct,0.6541825557809331,
Qwen2.5-14B TriviaQA,Qwen2.5-14B,identical_verdict_pairs,zero_means_correct,0.8604246112238,
Qwen2.5-14B TriviaQA,Qwen2.5-14B,verdict_regressed_out,false_means_correct,0.7918701825557809,
Qwen2.5-14B TriviaQA,Qwen2.5-14B,verdict_regressed_out,negated,0.7735226504394862,
Qwen2.5-14B TriviaQA,Qwen2.5-14B,verdict_regressed_out,no_means_correct,0.5542772143340094,
Qwen2.5-14B TriviaQA,Qwen2.5-14B,verdict_regressed_out,zero_means_correct,0.8626423258958755,
Qwen2.5-14B TriviaQA,Qwen2.5-14B,none,false_means_correct,0.1956889790398918,
Qwen2.5-14B TriviaQA,Qwen2.5-14B,none,negated,0.1741122379986477,
Qwen2.5-14B TriviaQA,Qwen2.5-14B,none,no_means_correct,0.1679837728194726,
Qwen2.5-14B TriviaQA,Qwen2.5-14B,none,zero_means_correct,0.803445571331981,
Qwen2.5-14B TriviaQA,Qwen2.5-14B,all_pairs,false_means_correct,0.7937146720757269,
Qwen2.5-14B TriviaQA,Qwen2.5-14B,all_pairs,negated,0.8287762001352265,
Qwen2.5-14B TriviaQA,Qwen2.5-14B,all_pairs,no_means_correct,0.756316430020284,
Qwen2.5-14B TriviaQA,Qwen2.5-14B,all_pairs,zero_means_correct,0.8637511832319136,
