wording,stem,verb,yes_no,true_false,a_b,b_a
P01,Is the proposed answer correct?,Answer,Is the proposed answer correct? Answer Yes or No.,Is the proposed answer correct? Answer True or False.,Is the proposed answer correct? Answer A for correct or B for incorrect.,Is the proposed answer correct? Answer B for correct or A for incorrect.
P02,Is this answer correct?,Respond,Is this answer correct? Respond Yes or No.,Is this answer correct? Respond True or False.,Is this answer correct? Respond A for correct or B for incorrect.,Is this answer correct? Respond B for correct or A for incorrect.
P03,Judge whether the answer is correct.,Reply,Judge whether the answer is correct. Reply Yes or No.,Judge whether the answer is correct. Reply True or False.,Judge whether the answer is correct. Reply A for correct or B for incorrect.,Judge whether the answer is correct. Reply B for correct or A for incorrect.
P04,Determine if the answer is correct.,Output,Determine if the answer is correct. Output Yes or No.,Determine if the answer is correct. Output True or False.,Determine if the answer is correct. Output A for correct or B for incorrect.,Determine if the answer is correct. Output B for correct or A for incorrect.
P05,Would this answer be marked correct?,Answer,Would this answer be marked correct? Answer Yes or No.,Would this answer be marked correct? Answer True or False.,Would this answer be marked correct? Answer A for correct or B for incorrect.,Would this answer be marked correct? Answer B for correct or A for incorrect.
P06,Does the answer correctly answer the question?,Reply,Does the answer correctly answer the question? Reply Yes or No.,Does the answer correctly answer the question? Reply True or False.,Does the answer correctly answer the question? Reply A for correct or B for incorrect.,Does the answer correctly answer the question? Reply B for correct or A for incorrect.
P07,Evaluate the answer for correctness.,Respond,Evaluate the answer for correctness. Respond Yes or No.,Evaluate the answer for correctness. Respond True or False.,Evaluate the answer for correctness. Respond A for correct or B for incorrect.,Evaluate the answer for correctness. Respond B for correct or A for incorrect.
P08,Check whether the answer is correct.,Output,Check whether the answer is correct. Output Yes or No.,Check whether the answer is correct. Output True or False.,Check whether the answer is correct. Output A for correct or B for incorrect.,Check whether the answer is correct. Output B for correct or A for incorrect.
P09,Is the answer given above correct?,Answer only,Is the answer given above correct? Answer only Yes or No.,Is the answer given above correct? Answer only True or False.,Is the answer given above correct? Answer only A for correct or B for incorrect.,Is the answer given above correct? Answer only B for correct or A for incorrect.
P10,Decide whether the proposed answer is correct.,Return,Decide whether the proposed answer is correct. Return Yes or No.,Decide whether the proposed answer is correct. Return True or False.,Decide whether the proposed answer is correct. Return A for correct or B for incorrect.,Decide whether the proposed answer is correct. Return B for correct or A for incorrect.
